symbol,timestamp,open,high,low,close,volume
NIFTY,2026-02-13 03:45:00+00:00,25578.599609375,25625.099609375,25563.650390625,25589.400390625,0
NIFTY,2026-02-13 03:46:00+00:00,25588.650390625,25592.75,25575.849609375,25590.650390625,0
NIFTY,2026-02-13 03:47:00+00:00,25590.5,25605.30078125,25585.75,25598.55078125,0
NIFTY,2026-02-13 03:48:00+00:00,25597.55078125,25617.25,25597.55078125,25606.5,0
NIFTY,2026-02-13 03:49:00+00:00,25606.650390625,25610.55078125,25588.599609375,25596.400390625,0
NIFTY,2026-02-13 03:50:00+00:00,25597.099609375,25597.400390625,25581.349609375,25597.400390625,0
NIFTY,2026-02-13 03:51:00+00:00,25600.05078125,25601.900390625,25585.80078125,25587.900390625,0
NIFTY,2026-02-13 03:52:00+00:00,25588.55078125,25593.650390625,25580.099609375,25582.5,0
NIFTY,2026-02-13 03:53:00+00:00,25582.849609375,25597.69921875,25581.599609375,25596.650390625,0
NIFTY,2026-02-13 03:54:00+00:00,25595.5,25605.650390625,25594.349609375,25602.650390625,0
NIFTY,2026-02-13 03:55:00+00:00,25605.0,25605.0,25591.55078125,25591.55078125,0
NIFTY,2026-02-13 03:56:00+00:00,25594.5,25604.349609375,25585.25,25587.5,0
NIFTY,2026-02-13 03:57:00+00:00,25588.5,25599.400390625,25585.650390625,25592.849609375,0
NIFTY,2026-02-13 03:58:00+00:00,25594.400390625,25594.400390625,25587.0,25591.25,0
NIFTY,2026-02-13 03:59:00+00:00,25590.5,25590.94921875,25583.94921875,25585.69921875,0
NIFTY,2026-02-13 04:00:00+00:00,25586.099609375,25586.099609375,25564.5,25566.099609375,0
NIFTY,2026-02-13 04:01:00+00:00,25566.19921875,25576.75,25565.900390625,25565.900390625,0
NIFTY,2026-02-13 04:02:00+00:00,25566.599609375,25566.599609375,25555.849609375,25559.900390625,0
NIFTY,2026-02-13 04:03:00+00:00,25560.0,25567.75,25559.349609375,25561.19921875,0
NIFTY,2026-02-13 04:04:00+00:00,25562.0,25562.0,25545.55078125,25547.69921875,0
NIFTY,2026-02-13 04:05:00+00:00,25549.0,25550.900390625,25544.349609375,25549.19921875,0
NIFTY,2026-02-13 04:06:00+00:00,25549.400390625,25550.55078125,25541.55078125,25543.150390625,0
NIFTY,2026-02-13 04:07:00+00:00,25542.05078125,25545.80078125,25538.80078125,25542.650390625,0
NIFTY,2026-02-13 04:08:00+00:00,25543.05078125,25548.349609375,25541.94921875,25542.55078125,0
NIFTY,2026-02-13 04:09:00+00:00,25543.349609375,25543.349609375,25534.650390625,25538.30078125,0
NIFTY,2026-02-13 04:10:00+00:00,25537.400390625,25538.849609375,25525.900390625,25533.900390625,0
NIFTY,2026-02-13 04:11:00+00:00,25534.94921875,25550.55078125,25533.69921875,25549.150390625,0
NIFTY,2026-02-13 04:12:00+00:00,25551.349609375,25558.0,25549.650390625,25554.69921875,0
NIFTY,2026-02-13 04:13:00+00:00,25554.69921875,25564.849609375,25554.69921875,25564.25,0
NIFTY,2026-02-13 04:14:00+00:00,25563.75,25566.25,25552.75,25560.849609375,0
NIFTY,2026-02-13 04:15:00+00:00,25560.75,25564.44921875,25555.55078125,25561.94921875,0
NIFTY,2026-02-13 04:16:00+00:00,25561.599609375,25563.94921875,25549.900390625,25557.80078125,0
NIFTY,2026-02-13 04:17:00+00:00,25557.44921875,25559.5,25546.94921875,25548.05078125,0
NIFTY,2026-02-13 04:18:00+00:00,25549.849609375,25557.44921875,25548.05078125,25550.25,0
NIFTY,2026-02-13 04:19:00+00:00,25551.05078125,25551.349609375,25541.05078125,25544.25,0
NIFTY,2026-02-13 04:20:00+00:00,25543.19921875,25547.19921875,25537.25,25540.349609375,0
NIFTY,2026-02-13 04:21:00+00:00,25540.94921875,25548.94921875,25537.05078125,25548.05078125,0
NIFTY,2026-02-13 04:22:00+00:00,25548.94921875,25558.30078125,25548.599609375,25555.599609375,0
NIFTY,2026-02-13 04:23:00+00:00,25557.19921875,25565.05078125,25555.94921875,25561.099609375,0
NIFTY,2026-02-13 04:24:00+00:00,25561.30078125,25565.30078125,25553.099609375,25553.650390625,0
NIFTY,2026-02-13 04:25:00+00:00,25553.150390625,25555.05078125,25544.69921875,25544.69921875,0
NIFTY,2026-02-13 04:26:00+00:00,25545.44921875,25546.30078125,25532.349609375,25536.599609375,0
NIFTY,2026-02-13 04:27:00+00:00,25536.80078125,25538.05078125,25531.5,25536.0,0
NIFTY,2026-02-13 04:28:00+00:00,25536.400390625,25539.94921875,25532.05078125,25535.099609375,0
NIFTY,2026-02-13 04:29:00+00:00,25536.849609375,25541.0,25533.69921875,25534.44921875,0
NIFTY,2026-02-13 04:30:00+00:00,25534.650390625,25542.19921875,25532.5,25536.599609375,0
NIFTY,2026-02-13 04:31:00+00:00,25538.05078125,25548.5,25537.55078125,25547.19921875,0
NIFTY,2026-02-13 04:32:00+00:00,25547.650390625,25548.69921875,25537.25,25539.94921875,0
NIFTY,2026-02-13 04:33:00+00:00,25540.19921875,25546.19921875,25537.349609375,25543.599609375,0
NIFTY,2026-02-13 04:34:00+00:00,25543.80078125,25550.69921875,25538.650390625,25549.0,0
NIFTY,2026-02-13 04:35:00+00:00,25549.849609375,25550.5,25540.849609375,25542.349609375,0
NIFTY,2026-02-13 04:36:00+00:00,25542.5,25544.05078125,25537.400390625,25537.900390625,0
NIFTY,2026-02-13 04:37:00+00:00,25538.0,25544.25,25535.650390625,25540.599609375,0
NIFTY,2026-02-13 04:38:00+00:00,25539.849609375,25541.55078125,25535.349609375,25538.400390625,0
NIFTY,2026-02-13 04:39:00+00:00,25538.150390625,25539.05078125,25531.69921875,25534.94921875,0
NIFTY,2026-02-13 04:40:00+00:00,25535.80078125,25536.44921875,25529.849609375,25531.19921875,0
NIFTY,2026-02-13 04:41:00+00:00,25530.69921875,25537.25,25529.349609375,25535.349609375,0
NIFTY,2026-02-13 04:42:00+00:00,25535.400390625,25544.75,25532.900390625,25543.80078125,0
NIFTY,2026-02-13 04:43:00+00:00,25543.94921875,25546.94921875,25537.400390625,25537.650390625,0
NIFTY,2026-02-13 04:44:00+00:00,25537.25,25539.44921875,25529.69921875,25531.75,0
NIFTY,2026-02-13 04:45:00+00:00,25531.5,25533.05078125,25522.150390625,25527.75,0
NIFTY,2026-02-13 04:46:00+00:00,25528.05078125,25528.650390625,25522.5,25524.75,0
NIFTY,2026-02-13 04:47:00+00:00,25525.0,25525.099609375,25513.55078125,25516.44921875,0
NIFTY,2026-02-13 04:48:00+00:00,25517.30078125,25528.05078125,25516.349609375,25526.75,0
NIFTY,2026-02-13 04:49:00+00:00,25527.0,25530.400390625,25521.900390625,25526.25,0
NIFTY,2026-02-13 04:50:00+00:00,25527.0,25534.94921875,25524.150390625,25532.75,0
NIFTY,2026-02-13 04:51:00+00:00,25532.30078125,25532.30078125,25525.5,25529.80078125,0
NIFTY,2026-02-13 04:52:00+00:00,25530.75,25531.650390625,25524.0,25526.69921875,0
NIFTY,2026-02-13 04:53:00+00:00,25527.599609375,25539.900390625,25526.400390625,25536.94921875,0
NIFTY,2026-02-13 04:54:00+00:00,25537.849609375,25540.69921875,25535.099609375,25538.900390625,0
NIFTY,2026-02-13 04:55:00+00:00,25539.75,25544.400390625,25538.55078125,25541.80078125,0
NIFTY,2026-02-13 04:56:00+00:00,25542.0,25549.19921875,25539.55078125,25548.849609375,0
NIFTY,2026-02-13 04:57:00+00:00,25549.599609375,25551.75,25543.55078125,25551.75,0
NIFTY,2026-02-13 04:58:00+00:00,25551.80078125,25553.25,25544.900390625,25546.25,0
NIFTY,2026-02-13 04:59:00+00:00,25545.75,25550.400390625,25543.5,25548.94921875,0
NIFTY,2026-02-13 05:00:00+00:00,25548.55078125,25562.69921875,25548.25,25556.349609375,0
NIFTY,2026-02-13 05:01:00+00:00,25557.25,25560.849609375,25550.0,25560.05078125,0
NIFTY,2026-02-13 05:02:00+00:00,25560.0,25564.400390625,25558.599609375,25560.349609375,0
NIFTY,2026-02-13 05:03:00+00:00,25560.94921875,25567.80078125,25556.55078125,25566.0,0
NIFTY,2026-02-13 05:04:00+00:00,25566.05078125,25572.150390625,25565.5,25567.30078125,0
NIFTY,2026-02-13 05:05:00+00:00,25567.25,25574.69921875,25564.30078125,25569.94921875,0
NIFTY,2026-02-13 05:06:00+00:00,25569.900390625,25571.69921875,25562.69921875,25564.900390625,0
NIFTY,2026-02-13 05:07:00+00:00,25565.94921875,25572.94921875,25563.69921875,25571.25,0
NIFTY,2026-02-13 05:08:00+00:00,25571.55078125,25574.05078125,25568.400390625,25572.650390625,0
NIFTY,2026-02-13 05:09:00+00:00,25573.400390625,25581.650390625,25572.099609375,25579.400390625,0
NIFTY,2026-02-13 05:10:00+00:00,25578.94921875,25580.19921875,25573.55078125,25579.19921875,0
NIFTY,2026-02-13 05:11:00+00:00,25579.80078125,25581.0,25571.400390625,25571.400390625,0
NIFTY,2026-02-13 05:12:00+00:00,25572.900390625,25583.75,25570.25,25583.400390625,0
NIFTY,2026-02-13 05:13:00+00:00,25583.19921875,25584.30078125,25579.55078125,25580.69921875,0
NIFTY,2026-02-13 05:14:00+00:00,25581.150390625,25581.599609375,25572.150390625,25574.099609375,0
NIFTY,2026-02-13 05:15:00+00:00,25573.30078125,25573.75,25568.94921875,25568.94921875,0
NIFTY,2026-02-13 05:16:00+00:00,25569.30078125,25571.849609375,25564.349609375,25570.5,0
NIFTY,2026-02-13 05:17:00+00:00,25570.5,25570.75,25561.05078125,25563.44921875,0
NIFTY,2026-02-13 05:18:00+00:00,25564.19921875,25568.80078125,25562.5,25567.849609375,0
NIFTY,2026-02-13 05:19:00+00:00,25567.94921875,25568.05078125,25557.849609375,25558.099609375,0
NIFTY,2026-02-13 05:20:00+00:00,25558.150390625,25558.150390625,25543.94921875,25547.55078125,0
NIFTY,2026-02-13 05:21:00+00:00,25548.099609375,25554.599609375,25548.099609375,25553.400390625,0
NIFTY,2026-02-13 05:22:00+00:00,25553.599609375,25563.69921875,25553.25,25563.099609375,0
NIFTY,2026-02-13 05:23:00+00:00,25564.30078125,25566.30078125,25558.55078125,25558.55078125,0
NIFTY,2026-02-13 05:24:00+00:00,25558.349609375,25561.19921875,25556.55078125,25559.849609375,0
NIFTY,2026-02-13 05:25:00+00:00,25560.0,25569.69921875,25557.849609375,25569.400390625,0
NIFTY,2026-02-13 05:26:00+00:00,25569.80078125,25574.599609375,25567.650390625,25573.349609375,0
NIFTY,2026-02-13 05:27:00+00:00,25572.349609375,25573.94921875,25564.69921875,25565.55078125,0
NIFTY,2026-02-13 05:28:00+00:00,25565.650390625,25570.0,25562.75,25563.55078125,0
NIFTY,2026-02-13 05:29:00+00:00,25565.400390625,25565.400390625,25559.75,25560.5,0
NIFTY,2026-02-13 05:30:00+00:00,25561.900390625,25562.05078125,25555.349609375,25562.05078125,0
NIFTY,2026-02-13 05:31:00+00:00,25562.599609375,25563.75,25555.69921875,25557.69921875,0
NIFTY,2026-02-13 05:32:00+00:00,25557.849609375,25557.849609375,25544.099609375,25546.400390625,0
NIFTY,2026-02-13 05:33:00+00:00,25546.349609375,25555.599609375,25545.25,25555.599609375,0
NIFTY,2026-02-13 05:34:00+00:00,25554.69921875,25555.099609375,25544.400390625,25545.349609375,0
NIFTY,2026-02-13 05:35:00+00:00,25545.400390625,25547.349609375,25541.80078125,25541.849609375,0
NIFTY,2026-02-13 05:36:00+00:00,25542.05078125,25545.80078125,25540.75,25544.349609375,0
NIFTY,2026-02-13 05:37:00+00:00,25544.44921875,25544.599609375,25538.75,25539.900390625,0
NIFTY,2026-02-13 05:38:00+00:00,25540.05078125,25543.05078125,25536.44921875,25539.900390625,0
NIFTY,2026-02-13 05:39:00+00:00,25539.30078125,25540.25,25533.05078125,25536.400390625,0
NIFTY,2026-02-13 05:40:00+00:00,25537.150390625,25544.25,25536.69921875,25541.69921875,0
NIFTY,2026-02-13 05:41:00+00:00,25542.05078125,25548.150390625,25541.44921875,25544.349609375,0
NIFTY,2026-02-13 05:42:00+00:00,25544.05078125,25546.400390625,25542.099609375,25544.30078125,0
NIFTY,2026-02-13 05:43:00+00:00,25545.349609375,25547.650390625,25542.55078125,25546.5,0
NIFTY,2026-02-13 05:44:00+00:00,25546.55078125,25554.19921875,25545.05078125,25554.19921875,0
NIFTY,2026-02-13 05:45:00+00:00,25553.69921875,25555.94921875,25548.05078125,25549.5,0
NIFTY,2026-02-13 05:46:00+00:00,25550.25,25550.900390625,25543.19921875,25543.55078125,0
NIFTY,2026-02-13 05:47:00+00:00,25543.5,25544.400390625,25534.30078125,25534.80078125,0
NIFTY,2026-02-13 05:48:00+00:00,25535.05078125,25536.349609375,25529.150390625,25530.30078125,0
NIFTY,2026-02-13 05:49:00+00:00,25530.30078125,25532.19921875,25526.099609375,25532.19921875,0
NIFTY,2026-02-13 05:50:00+00:00,25531.900390625,25534.94921875,25529.30078125,25532.25,0
NIFTY,2026-02-13 05:51:00+00:00,25532.849609375,25536.400390625,25530.099609375,25534.69921875,0
NIFTY,2026-02-13 05:52:00+00:00,25534.44921875,25535.150390625,25527.349609375,25529.400390625,0
NIFTY,2026-02-13 05:53:00+00:00,25529.849609375,25533.599609375,25527.099609375,25531.400390625,0
NIFTY,2026-02-13 05:54:00+00:00,25531.349609375,25533.400390625,25522.80078125,25533.099609375,0
NIFTY,2026-02-13 05:55:00+00:00,25533.099609375,25536.55078125,25531.099609375,25536.55078125,0
NIFTY,2026-02-13 05:56:00+00:00,25536.19921875,25545.349609375,25532.05078125,25545.349609375,0
NIFTY,2026-02-13 05:57:00+00:00,25545.099609375,25548.150390625,25542.849609375,25544.19921875,0
NIFTY,2026-02-13 05:58:00+00:00,25544.5,25546.69921875,25540.099609375,25543.69921875,0
NIFTY,2026-02-13 05:59:00+00:00,25543.400390625,25550.650390625,25541.05078125,25548.80078125,0
NIFTY,2026-02-13 06:00:00+00:00,25548.849609375,25549.69921875,25531.44921875,25531.849609375,0
NIFTY,2026-02-13 06:01:00+00:00,25533.44921875,25540.55078125,25529.75,25538.69921875,0
NIFTY,2026-02-13 06:02:00+00:00,25539.44921875,25539.5,25532.650390625,25534.80078125,0
NIFTY,2026-02-13 06:03:00+00:00,25534.30078125,25542.19921875,25532.650390625,25534.44921875,0
NIFTY,2026-02-13 06:04:00+00:00,25535.25,25536.650390625,25529.25,25530.05078125,0
NIFTY,2026-02-13 06:05:00+00:00,25531.349609375,25533.69921875,25526.5,25532.0,0
NIFTY,2026-02-13 06:06:00+00:00,25532.30078125,25533.44921875,25527.44921875,25527.80078125,0
NIFTY,2026-02-13 06:07:00+00:00,25528.19921875,25534.75,25528.19921875,25534.30078125,0
NIFTY,2026-02-13 06:08:00+00:00,25535.25,25537.44921875,25529.30078125,25530.150390625,0
NIFTY,2026-02-13 06:09:00+00:00,25529.19921875,25535.30078125,25528.349609375,25531.25,0
NIFTY,2026-02-13 06:10:00+00:00,25530.900390625,25533.25,25529.849609375,25530.69921875,0
NIFTY,2026-02-13 06:11:00+00:00,25530.94921875,25531.150390625,25525.05078125,25530.400390625,0
NIFTY,2026-02-13 06:12:00+00:00,25531.30078125,25537.5,25527.94921875,25531.400390625,0
NIFTY,2026-02-13 06:13:00+00:00,25532.75,25541.69921875,25532.0,25538.5,0
NIFTY,2026-02-13 06:14:00+00:00,25538.44921875,25551.05078125,25538.19921875,25549.599609375,0
NIFTY,2026-02-13 06:15:00+00:00,25550.80078125,25554.849609375,25546.75,25552.400390625,0
NIFTY,2026-02-13 06:16:00+00:00,25552.900390625,25554.5,25546.849609375,25548.44921875,0
NIFTY,2026-02-13 06:17:00+00:00,25548.0,25552.94921875,25546.80078125,25551.849609375,0
NIFTY,2026-02-13 06:18:00+00:00,25551.650390625,25554.150390625,25548.55078125,25548.55078125,0
NIFTY,2026-02-13 06:19:00+00:00,25549.30078125,25549.599609375,25543.400390625,25548.44921875,0
NIFTY,2026-02-13 06:20:00+00:00,25548.849609375,25551.44921875,25544.55078125,25550.599609375,0
NIFTY,2026-02-13 06:21:00+00:00,25550.650390625,25556.05078125,25549.05078125,25553.900390625,0
NIFTY,2026-02-13 06:22:00+00:00,25553.75,25553.75,25547.650390625,25552.0,0
NIFTY,2026-02-13 06:23:00+00:00,25552.349609375,25555.5,25551.5,25554.05078125,0
NIFTY,2026-02-13 06:24:00+00:00,25555.349609375,25557.0,25550.94921875,25551.80078125,0
NIFTY,2026-02-13 06:25:00+00:00,25552.400390625,25556.349609375,25548.19921875,25555.69921875,0
NIFTY,2026-02-13 06:26:00+00:00,25555.94921875,25557.44921875,25551.19921875,25555.599609375,0
NIFTY,2026-02-13 06:27:00+00:00,25555.19921875,25559.80078125,25553.30078125,25557.80078125,0
NIFTY,2026-02-13 06:28:00+00:00,25558.25,25561.25,25554.05078125,25554.44921875,0
NIFTY,2026-02-13 06:29:00+00:00,25554.94921875,25559.55078125,25551.349609375,25558.849609375,0
NIFTY,2026-02-13 06:30:00+00:00,25559.0,25564.849609375,25558.05078125,25558.349609375,0
NIFTY,2026-02-13 06:31:00+00:00,25559.05078125,25561.69921875,25557.400390625,25559.19921875,0
NIFTY,2026-02-13 06:32:00+00:00,25560.0,25568.400390625,25558.900390625,25567.400390625,0
NIFTY,2026-02-13 06:33:00+00:00,25567.849609375,25568.5,25563.55078125,25565.25,0
NIFTY,2026-02-13 06:34:00+00:00,25566.099609375,25566.099609375,25554.94921875,25562.650390625,0
NIFTY,2026-02-13 06:35:00+00:00,25562.150390625,25564.0,25560.599609375,25563.19921875,0
NIFTY,2026-02-13 06:36:00+00:00,25563.94921875,25572.55078125,25562.650390625,25572.55078125,0
NIFTY,2026-02-13 06:37:00+00:00,25572.69921875,25573.900390625,25567.05078125,25568.150390625,0
NIFTY,2026-02-13 06:38:00+00:00,25569.849609375,25571.25,25566.849609375,25568.599609375,0
NIFTY,2026-02-13 06:39:00+00:00,25569.25,25575.55078125,25568.05078125,25568.80078125,0
NIFTY,2026-02-13 06:40:00+00:00,25568.55078125,25569.44921875,25562.150390625,25566.25,0
NIFTY,2026-02-13 06:41:00+00:00,25566.94921875,25575.650390625,25564.849609375,25569.400390625,0
NIFTY,2026-02-13 06:42:00+00:00,25569.599609375,25576.69921875,25564.05078125,25566.94921875,0
NIFTY,2026-02-13 06:43:00+00:00,25567.69921875,25571.80078125,25564.400390625,25569.19921875,0
NIFTY,2026-02-13 06:44:00+00:00,25570.5,25574.849609375,25566.05078125,25573.400390625,0
NIFTY,2026-02-13 06:45:00+00:00,25573.5,25576.150390625,25568.75,25568.75,0
NIFTY,2026-02-13 06:46:00+00:00,25569.25,25569.25,25562.05078125,25562.30078125,0
NIFTY,2026-02-13 06:47:00+00:00,25562.5,25565.80078125,25557.69921875,25560.19921875,0
NIFTY,2026-02-13 06:48:00+00:00,25561.650390625,25570.650390625,25560.44921875,25567.69921875,0
NIFTY,2026-02-13 06:49:00+00:00,25567.25,25572.30078125,25565.55078125,25572.30078125,0
NIFTY,2026-02-13 06:50:00+00:00,25572.599609375,25578.19921875,25569.150390625,25576.0,0
NIFTY,2026-02-13 06:51:00+00:00,25578.19921875,25578.19921875,25572.349609375,25572.75,0
NIFTY,2026-02-13 06:52:00+00:00,25573.05078125,25577.75,25572.849609375,25576.25,0
NIFTY,2026-02-13 06:53:00+00:00,25576.900390625,25579.400390625,25572.69921875,25574.44921875,0
NIFTY,2026-02-13 06:54:00+00:00,25574.599609375,25582.44921875,25574.599609375,25580.30078125,0
NIFTY,2026-02-13 06:55:00+00:00,25580.44921875,25584.349609375,25578.19921875,25583.30078125,0
NIFTY,2026-02-13 06:56:00+00:00,25584.400390625,25589.69921875,25581.599609375,25589.099609375,0
NIFTY,2026-02-13 06:57:00+00:00,25590.05078125,25604.25,25587.69921875,25603.900390625,0
NIFTY,2026-02-13 06:58:00+00:00,25603.94921875,25603.94921875,25591.099609375,25591.349609375,0
NIFTY,2026-02-13 06:59:00+00:00,25591.80078125,25593.05078125,25583.599609375,25585.30078125,0
NIFTY,2026-02-13 07:00:00+00:00,25585.80078125,25588.55078125,25578.75,25580.94921875,0
NIFTY,2026-02-13 07:01:00+00:00,25581.75,25586.75,25579.349609375,25581.0,0
NIFTY,2026-02-13 07:02:00+00:00,25581.44921875,25585.650390625,25576.5,25584.400390625,0
NIFTY,2026-02-13 07:03:00+00:00,25584.75,25589.69921875,25581.19921875,25588.650390625,0
NIFTY,2026-02-13 07:04:00+00:00,25588.650390625,25606.05078125,25588.650390625,25602.44921875,0
NIFTY,2026-02-13 07:05:00+00:00,25602.5,25602.75,25594.650390625,25594.900390625,0
NIFTY,2026-02-13 07:06:00+00:00,25596.150390625,25596.80078125,25588.25,25590.19921875,0
NIFTY,2026-02-13 07:07:00+00:00,25590.849609375,25590.849609375,25581.900390625,25589.099609375,0
NIFTY,2026-02-13 07:08:00+00:00,25588.44921875,25589.44921875,25585.05078125,25586.5,0
NIFTY,2026-02-13 07:09:00+00:00,25588.05078125,25594.80078125,25586.69921875,25593.25,0
NIFTY,2026-02-13 07:10:00+00:00,25593.5,25594.599609375,25586.69921875,25589.19921875,0
NIFTY,2026-02-13 07:11:00+00:00,25589.5,25589.849609375,25580.25,25580.75,0
NIFTY,2026-02-13 07:12:00+00:00,25580.75,25586.849609375,25579.349609375,25584.349609375,0
NIFTY,2026-02-13 07:13:00+00:00,25585.5,25586.30078125,25580.44921875,25582.80078125,0
NIFTY,2026-02-13 07:14:00+00:00,25583.69921875,25586.55078125,25583.05078125,25584.0,0
NIFTY,2026-02-13 07:15:00+00:00,25585.150390625,25589.69921875,25582.150390625,25588.349609375,0
NIFTY,2026-02-13 07:16:00+00:00,25588.900390625,25596.849609375,25588.75,25591.400390625,0
NIFTY,2026-02-13 07:17:00+00:00,25591.30078125,25591.75,25583.30078125,25585.099609375,0
NIFTY,2026-02-13 07:18:00+00:00,25585.349609375,25585.900390625,25577.19921875,25578.94921875,0
NIFTY,2026-02-13 07:19:00+00:00,25579.0,25582.0,25570.0,25571.599609375,0
NIFTY,2026-02-13 07:20:00+00:00,25571.55078125,25571.55078125,25559.30078125,25561.099609375,0
NIFTY,2026-02-13 07:21:00+00:00,25561.5,25568.900390625,25561.5,25567.69921875,0
NIFTY,2026-02-13 07:22:00+00:00,25568.349609375,25569.0,25560.44921875,25562.400390625,0
NIFTY,2026-02-13 07:23:00+00:00,25562.25,25563.900390625,25555.55078125,25555.55078125,0
NIFTY,2026-02-13 07:24:00+00:00,25556.55078125,25558.19921875,25553.69921875,25556.94921875,0
NIFTY,2026-02-13 07:25:00+00:00,25557.099609375,25557.849609375,25550.349609375,25550.69921875,0
NIFTY,2026-02-13 07:26:00+00:00,25550.44921875,25550.55078125,25546.30078125,25547.650390625,0
NIFTY,2026-02-13 07:27:00+00:00,25548.0,25555.75,25546.0,25555.400390625,0
NIFTY,2026-02-13 07:28:00+00:00,25556.5,25560.05078125,25544.650390625,25546.0,0
NIFTY,2026-02-13 07:29:00+00:00,25546.900390625,25549.900390625,25537.599609375,25542.05078125,0
NIFTY,2026-02-13 07:30:00+00:00,25542.94921875,25553.05078125,25541.69921875,25550.19921875,0
NIFTY,2026-02-13 07:31:00+00:00,25550.650390625,25552.44921875,25544.44921875,25544.94921875,0
NIFTY,2026-02-13 07:32:00+00:00,25544.80078125,25546.75,25538.099609375,25538.099609375,0
NIFTY,2026-02-13 07:33:00+00:00,25538.94921875,25541.599609375,25534.099609375,25540.25,0
NIFTY,2026-02-13 07:34:00+00:00,25541.25,25542.5,25537.69921875,25542.5,0
NIFTY,2026-02-13 07:35:00+00:00,25542.80078125,25543.099609375,25536.650390625,25540.650390625,0
NIFTY,2026-02-13 07:36:00+00:00,25541.25,25541.55078125,25532.849609375,25534.80078125,0
NIFTY,2026-02-13 07:37:00+00:00,25534.25,25536.099609375,25531.650390625,25536.099609375,0
NIFTY,2026-02-13 07:38:00+00:00,25536.400390625,25541.05078125,25536.400390625,25538.349609375,0
NIFTY,2026-02-13 07:39:00+00:00,25539.44921875,25549.30078125,25539.44921875,25549.099609375,0
NIFTY,2026-02-13 07:40:00+00:00,25549.900390625,25553.400390625,25548.19921875,25549.80078125,0
NIFTY,2026-02-13 07:41:00+00:00,25550.69921875,25567.599609375,25548.599609375,25567.30078125,0
NIFTY,2026-02-13 07:42:00+00:00,25568.44921875,25578.0,25566.75,25572.05078125,0
NIFTY,2026-02-13 07:43:00+00:00,25571.69921875,25576.099609375,25569.650390625,25571.0,0
NIFTY,2026-02-13 07:44:00+00:00,25571.349609375,25576.05078125,25566.94921875,25574.69921875,0
NIFTY,2026-02-13 07:45:00+00:00,25575.650390625,25582.55078125,25574.599609375,25580.55078125,0
NIFTY,2026-02-13 07:46:00+00:00,25579.0,25580.94921875,25570.400390625,25571.5,0
NIFTY,2026-02-13 07:47:00+00:00,25572.0,25573.650390625,25570.19921875,25572.849609375,0
NIFTY,2026-02-13 07:48:00+00:00,25572.5,25581.05078125,25571.900390625,25580.94921875,0
NIFTY,2026-02-13 07:49:00+00:00,25581.349609375,25586.849609375,25581.349609375,25585.150390625,0
NIFTY,2026-02-13 07:50:00+00:00,25584.599609375,25584.75,25569.55078125,25569.80078125,0
NIFTY,2026-02-13 07:51:00+00:00,25569.5,25569.75,25567.099609375,25568.75,0
NIFTY,2026-02-13 07:52:00+00:00,25568.900390625,25569.44921875,25565.099609375,25567.150390625,0
NIFTY,2026-02-13 07:53:00+00:00,25567.099609375,25567.349609375,25552.0,25555.150390625,0
NIFTY,2026-02-13 07:54:00+00:00,25555.30078125,25558.55078125,25553.19921875,25553.19921875,0
NIFTY,2026-02-13 07:55:00+00:00,25554.05078125,25554.150390625,25546.349609375,25547.650390625,0
NIFTY,2026-02-13 07:56:00+00:00,25548.400390625,25551.19921875,25543.349609375,25543.69921875,0
NIFTY,2026-02-13 07:57:00+00:00,25543.650390625,25545.650390625,25541.650390625,25543.900390625,0
NIFTY,2026-02-13 07:58:00+00:00,25544.0,25548.650390625,25543.150390625,25548.650390625,0
NIFTY,2026-02-13 07:59:00+00:00,25548.94921875,25552.599609375,25546.650390625,25546.650390625,0
NIFTY,2026-02-13 08:00:00+00:00,25546.900390625,25552.5,25545.05078125,25549.349609375,0
NIFTY,2026-02-13 08:01:00+00:00,25551.349609375,25551.400390625,25541.75,25542.69921875,0
NIFTY,2026-02-13 08:02:00+00:00,25542.80078125,25544.69921875,25533.19921875,25535.849609375,0
NIFTY,2026-02-13 08:03:00+00:00,25537.25,25550.0,25535.099609375,25550.0,0
NIFTY,2026-02-13 08:04:00+00:00,25549.900390625,25550.650390625,25540.94921875,25542.400390625,0
NIFTY,2026-02-13 08:05:00+00:00,25542.94921875,25549.55078125,25541.44921875,25544.69921875,0
NIFTY,2026-02-13 08:06:00+00:00,25545.05078125,25547.25,25542.05078125,25546.650390625,0
NIFTY,2026-02-13 08:07:00+00:00,25546.650390625,25553.400390625,25546.5,25552.0,0
NIFTY,2026-02-13 08:08:00+00:00,25552.94921875,25552.94921875,25543.25,25545.0,0
NIFTY,2026-02-13 08:09:00+00:00,25544.80078125,25548.5,25542.900390625,25546.94921875,0
NIFTY,2026-02-13 08:10:00+00:00,25548.19921875,25550.900390625,25543.0,25545.25,0
NIFTY,2026-02-13 08:11:00+00:00,25548.5,25548.900390625,25543.25,25547.94921875,0
NIFTY,2026-02-13 08:12:00+00:00,25549.650390625,25553.80078125,25548.650390625,25550.80078125,0
NIFTY,2026-02-13 08:13:00+00:00,25550.599609375,25551.900390625,25542.650390625,25543.25,0
NIFTY,2026-02-13 08:14:00+00:00,25543.75,25545.30078125,25538.650390625,25539.19921875,0
NIFTY,2026-02-13 08:15:00+00:00,25538.900390625,25540.150390625,25533.099609375,25533.44921875,0
NIFTY,2026-02-13 08:16:00+00:00,25533.650390625,25535.19921875,25524.80078125,25525.099609375,0
NIFTY,2026-02-13 08:17:00+00:00,25526.150390625,25526.150390625,25515.599609375,25516.150390625,0
NIFTY,2026-02-13 08:18:00+00:00,25515.75,25519.900390625,25513.849609375,25516.80078125,0
NIFTY,2026-02-13 08:19:00+00:00,25517.349609375,25517.44921875,25505.650390625,25510.30078125,0
NIFTY,2026-02-13 08:20:00+00:00,25510.5,25514.349609375,25506.650390625,25506.650390625,0
NIFTY,2026-02-13 08:21:00+00:00,25506.349609375,25510.19921875,25500.400390625,25503.349609375,0
NIFTY,2026-02-13 08:22:00+00:00,25502.55078125,25513.0,25502.0,25510.0,0
NIFTY,2026-02-13 08:23:00+00:00,25510.19921875,25512.150390625,25505.75,25511.0,0
NIFTY,2026-02-13 08:24:00+00:00,25510.0,25517.599609375,25509.25,25517.150390625,0
NIFTY,2026-02-13 08:25:00+00:00,25517.05078125,25525.849609375,25516.69921875,25521.94921875,0
NIFTY,2026-02-13 08:26:00+00:00,25522.900390625,25525.150390625,25518.650390625,25519.55078125,0
NIFTY,2026-02-13 08:27:00+00:00,25520.19921875,25528.25,25518.80078125,25526.30078125,0
NIFTY,2026-02-13 08:28:00+00:00,25526.099609375,25530.80078125,25523.55078125,25529.349609375,0
NIFTY,2026-02-13 08:29:00+00:00,25529.94921875,25531.19921875,25524.099609375,25524.5,0
NIFTY,2026-02-13 08:30:00+00:00,25525.150390625,25527.75,25519.650390625,25520.099609375,0
NIFTY,2026-02-13 08:31:00+00:00,25519.94921875,25520.5,25514.599609375,25515.0,0
NIFTY,2026-02-13 08:32:00+00:00,25515.55078125,25527.94921875,25513.69921875,25527.25,0
NIFTY,2026-02-13 08:33:00+00:00,25527.0,25529.349609375,25522.349609375,25528.19921875,0
NIFTY,2026-02-13 08:34:00+00:00,25528.44921875,25530.849609375,25525.650390625,25526.25,0
NIFTY,2026-02-13 08:35:00+00:00,25526.099609375,25538.0,25524.44921875,25534.0,0
NIFTY,2026-02-13 08:36:00+00:00,25532.75,25539.25,25531.5,25532.44921875,0
NIFTY,2026-02-13 08:37:00+00:00,25532.94921875,25532.94921875,25527.75,25530.400390625,0
NIFTY,2026-02-13 08:38:00+00:00,25529.44921875,25530.05078125,25516.849609375,25518.30078125,0
NIFTY,2026-02-13 08:39:00+00:00,25517.900390625,25521.900390625,25515.55078125,25518.900390625,0
NIFTY,2026-02-13 08:40:00+00:00,25518.5,25519.849609375,25513.599609375,25518.30078125,0
NIFTY,2026-02-13 08:41:00+00:00,25518.75,25529.55078125,25516.55078125,25526.599609375,0
NIFTY,2026-02-13 08:42:00+00:00,25527.099609375,25531.30078125,25526.44921875,25529.94921875,0
NIFTY,2026-02-13 08:43:00+00:00,25530.849609375,25532.599609375,25527.05078125,25529.55078125,0
NIFTY,2026-02-13 08:44:00+00:00,25530.150390625,25535.349609375,25529.349609375,25534.599609375,0
NIFTY,2026-02-13 08:45:00+00:00,25535.0,25538.400390625,25532.55078125,25533.30078125,0
NIFTY,2026-02-13 08:46:00+00:00,25533.44921875,25537.25,25531.94921875,25535.44921875,0
NIFTY,2026-02-13 08:47:00+00:00,25536.400390625,25538.349609375,25527.849609375,25530.599609375,0
NIFTY,2026-02-13 08:48:00+00:00,25531.80078125,25532.75,25526.849609375,25528.400390625,0
NIFTY,2026-02-13 08:49:00+00:00,25527.849609375,25528.30078125,25524.80078125,25527.94921875,0
NIFTY,2026-02-13 08:50:00+00:00,25528.25,25535.650390625,25526.30078125,25532.75,0
NIFTY,2026-02-13 08:51:00+00:00,25533.44921875,25533.44921875,25522.25,25522.69921875,0
NIFTY,2026-02-13 08:52:00+00:00,25522.849609375,25523.69921875,25518.349609375,25519.400390625,0
NIFTY,2026-02-13 08:53:00+00:00,25519.849609375,25522.650390625,25515.30078125,25520.25,0
NIFTY,2026-02-13 08:54:00+00:00,25520.0,25527.30078125,25518.80078125,25527.30078125,0
NIFTY,2026-02-13 08:55:00+00:00,25527.0,25534.599609375,25526.69921875,25532.650390625,0
NIFTY,2026-02-13 08:56:00+00:00,25533.19921875,25536.0,25531.19921875,25531.19921875,0
NIFTY,2026-02-13 08:57:00+00:00,25532.150390625,25532.150390625,25528.150390625,25529.099609375,0
NIFTY,2026-02-13 08:58:00+00:00,25530.19921875,25535.44921875,25527.349609375,25534.0,0
NIFTY,2026-02-13 08:59:00+00:00,25534.0,25536.650390625,25530.19921875,25530.94921875,0
NIFTY,2026-02-13 09:00:00+00:00,25531.150390625,25534.55078125,25526.400390625,25527.349609375,0
NIFTY,2026-02-13 09:01:00+00:00,25527.19921875,25530.400390625,25522.849609375,25529.19921875,0
NIFTY,2026-02-13 09:02:00+00:00,25529.19921875,25530.099609375,25524.30078125,25525.400390625,0
NIFTY,2026-02-13 09:03:00+00:00,25525.099609375,25525.25,25519.94921875,25521.099609375,0
NIFTY,2026-02-13 09:04:00+00:00,25520.650390625,25524.19921875,25510.05078125,25510.900390625,0
NIFTY,2026-02-13 09:05:00+00:00,25511.05078125,25521.400390625,25511.05078125,25517.900390625,0
NIFTY,2026-02-13 09:06:00+00:00,25517.75,25519.349609375,25506.80078125,25507.30078125,0
NIFTY,2026-02-13 09:07:00+00:00,25506.44921875,25511.150390625,25502.44921875,25503.19921875,0
NIFTY,2026-02-13 09:08:00+00:00,25502.19921875,25507.0,25499.650390625,25505.25,0
NIFTY,2026-02-13 09:09:00+00:00,25505.25,25516.599609375,25505.25,25513.849609375,0
NIFTY,2026-02-13 09:10:00+00:00,25514.0,25515.349609375,25504.75,25508.69921875,0
NIFTY,2026-02-13 09:11:00+00:00,25509.599609375,25515.19921875,25505.05078125,25505.349609375,0
NIFTY,2026-02-13 09:12:00+00:00,25505.400390625,25514.25,25503.0,25514.25,0
NIFTY,2026-02-13 09:13:00+00:00,25513.44921875,25518.400390625,25513.30078125,25513.349609375,0
NIFTY,2026-02-13 09:14:00+00:00,25514.05078125,25518.44921875,25509.44921875,25511.75,0
NIFTY,2026-02-13 09:15:00+00:00,25511.44921875,25516.5,25510.5,25513.599609375,0
NIFTY,2026-02-13 09:16:00+00:00,25513.69921875,25516.0,25505.349609375,25511.69921875,0
NIFTY,2026-02-13 09:17:00+00:00,25511.30078125,25512.900390625,25508.099609375,25510.19921875,0
NIFTY,2026-02-13 09:18:00+00:00,25510.099609375,25511.75,25505.55078125,25511.19921875,0
NIFTY,2026-02-13 09:19:00+00:00,25511.19921875,25512.94921875,25504.900390625,25508.150390625,0
NIFTY,2026-02-13 09:20:00+00:00,25507.55078125,25513.25,25502.19921875,25506.150390625,0
NIFTY,2026-02-13 09:21:00+00:00,25505.30078125,25514.05078125,25504.349609375,25513.75,0
NIFTY,2026-02-13 09:22:00+00:00,25512.349609375,25520.0,25511.400390625,25517.05078125,0
NIFTY,2026-02-13 09:23:00+00:00,25516.75,25519.849609375,25515.30078125,25519.849609375,0
NIFTY,2026-02-13 09:24:00+00:00,25518.75,25521.5,25515.05078125,25515.349609375,0
NIFTY,2026-02-13 09:25:00+00:00,25515.650390625,25517.55078125,25512.900390625,25516.69921875,0
NIFTY,2026-02-13 09:26:00+00:00,25517.30078125,25524.599609375,25515.44921875,25522.05078125,0
NIFTY,2026-02-13 09:27:00+00:00,25520.650390625,25525.94921875,25520.150390625,25522.099609375,0
NIFTY,2026-02-13 09:28:00+00:00,25522.099609375,25528.30078125,25516.849609375,25521.19921875,0
NIFTY,2026-02-13 09:29:00+00:00,25522.94921875,25526.400390625,25520.55078125,25521.25,0
NIFTY,2026-02-13 09:30:00+00:00,25521.94921875,25527.55078125,25492.30078125,25496.0,0
NIFTY,2026-02-13 09:31:00+00:00,25494.150390625,25498.400390625,25489.849609375,25492.19921875,0
NIFTY,2026-02-13 09:32:00+00:00,25493.0,25504.80078125,25493.0,25504.19921875,0
NIFTY,2026-02-13 09:33:00+00:00,25504.55078125,25506.650390625,25498.349609375,25502.150390625,0
NIFTY,2026-02-13 09:34:00+00:00,25502.099609375,25503.400390625,25493.0,25496.44921875,0
NIFTY,2026-02-13 09:35:00+00:00,25495.900390625,25498.75,25489.69921875,25489.69921875,0
NIFTY,2026-02-13 09:36:00+00:00,25491.400390625,25492.30078125,25482.44921875,25482.44921875,0
NIFTY,2026-02-13 09:37:00+00:00,25484.05078125,25487.19921875,25477.150390625,25477.650390625,0
NIFTY,2026-02-13 09:38:00+00:00,25479.599609375,25482.69921875,25474.849609375,25475.400390625,0
NIFTY,2026-02-13 09:39:00+00:00,25476.099609375,25483.80078125,25473.150390625,25483.80078125,0
NIFTY,2026-02-13 09:40:00+00:00,25482.5,25489.5,25481.25,25484.25,0
NIFTY,2026-02-13 09:41:00+00:00,25484.650390625,25487.05078125,25481.5,25483.849609375,0
NIFTY,2026-02-13 09:42:00+00:00,25483.44921875,25486.69921875,25476.75,25478.400390625,0
NIFTY,2026-02-13 09:43:00+00:00,25478.69921875,25482.599609375,25477.099609375,25482.25,0
NIFTY,2026-02-13 09:44:00+00:00,25483.25,25483.25,25476.19921875,25477.19921875,0
NIFTY,2026-02-13 09:45:00+00:00,25475.55078125,25481.30078125,25475.05078125,25480.349609375,0
NIFTY,2026-02-13 09:46:00+00:00,25479.900390625,25483.099609375,25475.150390625,25478.099609375,0
NIFTY,2026-02-13 09:47:00+00:00,25478.19921875,25479.650390625,25472.900390625,25474.75,0
NIFTY,2026-02-13 09:48:00+00:00,25475.349609375,25482.44921875,25474.099609375,25481.5,0
NIFTY,2026-02-13 09:49:00+00:00,25481.75,25487.900390625,25481.30078125,25485.05078125,0
NIFTY,2026-02-13 09:50:00+00:00,25487.19921875,25489.80078125,25482.150390625,25484.349609375,0
NIFTY,2026-02-13 09:51:00+00:00,25485.849609375,25486.55078125,25476.69921875,25481.05078125,0
NIFTY,2026-02-13 09:52:00+00:00,25482.900390625,25484.94921875,25476.55078125,25478.75,0
NIFTY,2026-02-13 09:53:00+00:00,25478.30078125,25479.099609375,25469.05078125,25471.900390625,0
NIFTY,2026-02-13 09:54:00+00:00,25472.150390625,25473.349609375,25464.0,25468.150390625,0
NIFTY,2026-02-13 09:55:00+00:00,25470.900390625,25470.900390625,25460.5,25464.400390625,0
NIFTY,2026-02-13 09:56:00+00:00,25467.25,25467.94921875,25445.599609375,25451.0,0
NIFTY,2026-02-13 09:57:00+00:00,25452.099609375,25454.69921875,25447.05078125,25447.05078125,0
NIFTY,2026-02-13 09:58:00+00:00,25450.150390625,25461.25,25446.19921875,25460.150390625,0
NIFTY,2026-02-13 09:59:00+00:00,25459.150390625,25466.849609375,25456.349609375,25460.55078125,0
NIFTY,2026-02-16 03:45:00+00:00,25427.44921875,25442.75,25376.05078125,25428.69921875,0
NIFTY,2026-02-16 03:46:00+00:00,25427.30078125,25457.19921875,25424.150390625,25447.80078125,0
NIFTY,2026-02-16 03:47:00+00:00,25448.099609375,25450.25,25440.69921875,25449.69921875,0
NIFTY,2026-02-16 03:48:00+00:00,25449.099609375,25461.0,25445.05078125,25451.94921875,0
NIFTY,2026-02-16 03:49:00+00:00,25453.599609375,25472.19921875,25453.44921875,25472.19921875,0
NIFTY,2026-02-16 03:50:00+00:00,25473.05078125,25482.05078125,25461.349609375,25467.80078125,0
NIFTY,2026-02-16 03:51:00+00:00,25469.599609375,25478.150390625,25464.94921875,25474.69921875,0
NIFTY,2026-02-16 03:52:00+00:00,25473.75,25487.5,25473.75,25480.75,0
NIFTY,2026-02-16 03:53:00+00:00,25480.0,25491.94921875,25480.0,25489.150390625,0
NIFTY,2026-02-16 03:54:00+00:00,25488.400390625,25488.400390625,25475.349609375,25480.650390625,0
NIFTY,2026-02-16 03:55:00+00:00,25482.599609375,25484.44921875,25470.599609375,25472.849609375,0
NIFTY,2026-02-16 03:56:00+00:00,25473.75,25474.55078125,25462.5,25465.0,0
NIFTY,2026-02-16 03:57:00+00:00,25466.05078125,25466.900390625,25453.650390625,25464.19921875,0
NIFTY,2026-02-16 03:58:00+00:00,25464.900390625,25483.05078125,25464.150390625,25482.55078125,0
NIFTY,2026-02-16 03:59:00+00:00,25482.0,25482.0,25472.25,25472.25,0
NIFTY,2026-02-16 04:00:00+00:00,25473.55078125,25496.400390625,25472.69921875,25496.25,0
NIFTY,2026-02-16 04:01:00+00:00,25495.599609375,25508.75,25493.30078125,25500.0,0
NIFTY,2026-02-16 04:02:00+00:00,25501.0,25506.69921875,25498.94921875,25501.150390625,0
NIFTY,2026-02-16 04:03:00+00:00,25501.19921875,25514.099609375,25500.349609375,25513.099609375,0
NIFTY,2026-02-16 04:04:00+00:00,25513.349609375,25527.5,25513.25,25521.900390625,0
NIFTY,2026-02-16 04:05:00+00:00,25522.69921875,25522.69921875,25512.900390625,25518.349609375,0
NIFTY,2026-02-16 04:06:00+00:00,25518.0,25518.0,25504.349609375,25506.80078125,0
NIFTY,2026-02-16 04:07:00+00:00,25505.5,25506.650390625,25493.5,25495.55078125,0
NIFTY,2026-02-16 04:08:00+00:00,25495.80078125,25497.5,25491.0,25492.0,0
NIFTY,2026-02-16 04:09:00+00:00,25491.349609375,25497.650390625,25489.55078125,25495.94921875,0
NIFTY,2026-02-16 04:10:00+00:00,25495.849609375,25496.599609375,25478.19921875,25478.19921875,0
NIFTY,2026-02-16 04:11:00+00:00,25479.650390625,25482.19921875,25473.150390625,25481.900390625,0
NIFTY,2026-02-16 04:12:00+00:00,25483.19921875,25489.400390625,25483.19921875,25485.900390625,0
NIFTY,2026-02-16 04:13:00+00:00,25485.30078125,25485.69921875,25466.599609375,25466.599609375,0
NIFTY,2026-02-16 04:14:00+00:00,25467.94921875,25468.94921875,25458.150390625,25460.75,0
NIFTY,2026-02-16 04:15:00+00:00,25460.25,25466.150390625,25456.5,25460.150390625,0
NIFTY,2026-02-16 04:16:00+00:00,25461.0,25471.849609375,25454.75,25468.150390625,0
NIFTY,2026-02-16 04:17:00+00:00,25468.25,25468.30078125,25460.400390625,25466.5,0
NIFTY,2026-02-16 04:18:00+00:00,25467.349609375,25467.349609375,25455.19921875,25456.599609375,0
NIFTY,2026-02-16 04:19:00+00:00,25456.80078125,25456.80078125,25447.849609375,25455.05078125,0
NIFTY,2026-02-16 04:20:00+00:00,25454.80078125,25456.650390625,25448.05078125,25449.349609375,0
NIFTY,2026-02-16 04:21:00+00:00,25448.900390625,25448.900390625,25436.400390625,25440.30078125,0
NIFTY,2026-02-16 04:22:00+00:00,25439.19921875,25439.400390625,25431.900390625,25435.5,0
NIFTY,2026-02-16 04:23:00+00:00,25436.94921875,25458.69921875,25436.94921875,25454.150390625,0
NIFTY,2026-02-16 04:24:00+00:00,25454.30078125,25466.599609375,25452.599609375,25466.599609375,0
NIFTY,2026-02-16 04:25:00+00:00,25466.349609375,25476.5,25463.69921875,25475.44921875,0
NIFTY,2026-02-16 04:26:00+00:00,25475.849609375,25479.5,25472.19921875,25473.80078125,0
NIFTY,2026-02-16 04:27:00+00:00,25472.80078125,25493.150390625,25472.80078125,25492.900390625,0
NIFTY,2026-02-16 04:28:00+00:00,25492.650390625,25497.94921875,25489.900390625,25490.400390625,0
NIFTY,2026-02-16 04:29:00+00:00,25489.80078125,25497.30078125,25486.94921875,25496.650390625,0
NIFTY,2026-02-16 04:30:00+00:00,25497.5,25509.44921875,25497.5,25499.849609375,0
NIFTY,2026-02-16 04:31:00+00:00,25501.75,25518.80078125,25501.75,25515.849609375,0
NIFTY,2026-02-16 04:32:00+00:00,25516.099609375,25528.05078125,25514.69921875,25522.349609375,0
NIFTY,2026-02-16 04:33:00+00:00,25522.849609375,25533.55078125,25522.849609375,25524.25,0
NIFTY,2026-02-16 04:34:00+00:00,25523.650390625,25527.150390625,25518.349609375,25527.150390625,0
NIFTY,2026-02-16 04:35:00+00:00,25527.30078125,25532.650390625,25526.900390625,25529.75,0
NIFTY,2026-02-16 04:36:00+00:00,25530.150390625,25533.400390625,25521.25,25522.400390625,0
NIFTY,2026-02-16 04:37:00+00:00,25522.30078125,25522.94921875,25514.30078125,25519.599609375,0
NIFTY,2026-02-16 04:38:00+00:00,25518.900390625,25521.19921875,25512.0,25521.19921875,0
NIFTY,2026-02-16 04:39:00+00:00,25520.80078125,25523.150390625,25516.650390625,25521.400390625,0
NIFTY,2026-02-16 04:40:00+00:00,25522.05078125,25523.05078125,25517.80078125,25520.349609375,0
NIFTY,2026-02-16 04:41:00+00:00,25519.849609375,25530.900390625,25519.400390625,25523.94921875,0
NIFTY,2026-02-16 04:42:00+00:00,25523.849609375,25548.099609375,25523.55078125,25548.099609375,0
NIFTY,2026-02-16 04:43:00+00:00,25547.900390625,25555.849609375,25546.5,25552.0,0
NIFTY,2026-02-16 04:44:00+00:00,25551.400390625,25551.44921875,25536.80078125,25551.44921875,0
NIFTY,2026-02-16 04:45:00+00:00,25551.44921875,25561.150390625,25548.599609375,25549.80078125,0
NIFTY,2026-02-16 04:46:00+00:00,25549.400390625,25549.80078125,25541.900390625,25545.80078125,0
NIFTY,2026-02-16 04:47:00+00:00,25547.30078125,25551.650390625,25545.19921875,25546.25,0
NIFTY,2026-02-16 04:48:00+00:00,25546.599609375,25553.69921875,25543.400390625,25550.30078125,0
NIFTY,2026-02-16 04:49:00+00:00,25550.849609375,25555.19921875,25547.900390625,25550.150390625,0
NIFTY,2026-02-16 04:50:00+00:00,25550.55078125,25551.80078125,25541.05078125,25542.599609375,0
NIFTY,2026-02-16 04:51:00+00:00,25541.75,25548.400390625,25537.05078125,25541.900390625,0
NIFTY,2026-02-16 04:52:00+00:00,25542.650390625,25545.650390625,25539.599609375,25540.80078125,0
NIFTY,2026-02-16 04:53:00+00:00,25541.150390625,25543.150390625,25533.650390625,25535.05078125,0
NIFTY,2026-02-16 04:54:00+00:00,25534.05078125,25536.650390625,25526.349609375,25526.80078125,0
NIFTY,2026-02-16 04:55:00+00:00,25526.099609375,25532.400390625,25523.25,25527.19921875,0
NIFTY,2026-02-16 04:56:00+00:00,25527.650390625,25528.44921875,25523.150390625,25523.75,0
NIFTY,2026-02-16 04:57:00+00:00,25525.150390625,25526.150390625,25520.0,25524.75,0
NIFTY,2026-02-16 04:58:00+00:00,25524.900390625,25525.19921875,25518.900390625,25520.349609375,0
NIFTY,2026-02-16 04:59:00+00:00,25520.75,25530.5,25519.849609375,25525.849609375,0
NIFTY,2026-02-16 05:00:00+00:00,25526.19921875,25526.30078125,25520.5,25522.55078125,0
NIFTY,2026-02-16 05:01:00+00:00,25523.44921875,25531.099609375,25520.75,25530.5,0
NIFTY,2026-02-16 05:02:00+00:00,25530.400390625,25534.19921875,25525.0,25533.650390625,0
NIFTY,2026-02-16 05:03:00+00:00,25534.05078125,25539.599609375,25533.19921875,25538.25,0
NIFTY,2026-02-16 05:04:00+00:00,25538.150390625,25540.25,25530.400390625,25531.349609375,0
NIFTY,2026-02-16 05:05:00+00:00,25533.599609375,25536.05078125,25528.94921875,25532.0,0
NIFTY,2026-02-16 05:06:00+00:00,25530.94921875,25538.349609375,25530.94921875,25537.19921875,0
NIFTY,2026-02-16 05:07:00+00:00,25537.599609375,25537.599609375,25529.5,25530.19921875,0
NIFTY,2026-02-16 05:08:00+00:00,25529.75,25530.55078125,25522.19921875,25524.150390625,0
NIFTY,2026-02-16 05:09:00+00:00,25524.400390625,25529.30078125,25523.650390625,25526.55078125,0
NIFTY,2026-02-16 05:10:00+00:00,25527.30078125,25535.05078125,25526.650390625,25534.0,0
NIFTY,2026-02-16 05:11:00+00:00,25534.30078125,25540.099609375,25531.80078125,25538.75,0
NIFTY,2026-02-16 05:12:00+00:00,25537.94921875,25539.69921875,25526.099609375,25526.94921875,0
NIFTY,2026-02-16 05:13:00+00:00,25526.44921875,25528.599609375,25521.0,25524.55078125,0
NIFTY,2026-02-16 05:14:00+00:00,25524.69921875,25527.75,25522.55078125,25526.25,0
NIFTY,2026-02-16 05:15:00+00:00,25526.44921875,25528.75,25523.19921875,25525.44921875,0
NIFTY,2026-02-16 05:16:00+00:00,25525.19921875,25525.44921875,25520.349609375,25524.19921875,0
NIFTY,2026-02-16 05:17:00+00:00,25523.80078125,25532.150390625,25523.650390625,25532.150390625,0
NIFTY,2026-02-16 05:18:00+00:00,25533.05078125,25536.0,25523.80078125,25524.69921875,0
NIFTY,2026-02-16 05:19:00+00:00,25524.75,25526.55078125,25516.5,25518.599609375,0
NIFTY,2026-02-16 05:20:00+00:00,25516.75,25516.75,25508.80078125,25509.19921875,0
NIFTY,2026-02-16 05:21:00+00:00,25509.650390625,25522.150390625,25508.849609375,25521.349609375,0
NIFTY,2026-02-16 05:22:00+00:00,25522.099609375,25525.69921875,25514.80078125,25516.55078125,0
NIFTY,2026-02-16 05:23:00+00:00,25515.94921875,25518.05078125,25509.599609375,25516.099609375,0
NIFTY,2026-02-16 05:24:00+00:00,25515.849609375,25515.849609375,25511.30078125,25513.599609375,0
NIFTY,2026-02-16 05:25:00+00:00,25512.69921875,25518.599609375,25509.94921875,25512.400390625,0
NIFTY,2026-02-16 05:26:00+00:00,25511.349609375,25513.5,25508.19921875,25512.25,0
NIFTY,2026-02-16 05:27:00+00:00,25514.05078125,25516.599609375,25512.599609375,25515.900390625,0
NIFTY,2026-02-16 05:28:00+00:00,25515.349609375,25522.94921875,25515.05078125,25521.55078125,0
NIFTY,2026-02-16 05:29:00+00:00,25522.0,25525.650390625,25521.400390625,25523.05078125,0
NIFTY,2026-02-16 05:30:00+00:00,25523.55078125,25527.25,25516.150390625,25517.05078125,0
NIFTY,2026-02-16 05:31:00+00:00,25516.150390625,25518.349609375,25507.150390625,25508.30078125,0
NIFTY,2026-02-16 05:32:00+00:00,25509.05078125,25515.05078125,25507.30078125,25512.25,0
NIFTY,2026-02-16 05:33:00+00:00,25512.5,25520.5,25509.05078125,25519.599609375,0
NIFTY,2026-02-16 05:34:00+00:00,25519.94921875,25533.44921875,25518.599609375,25530.900390625,0
NIFTY,2026-02-16 05:35:00+00:00,25530.900390625,25537.099609375,25527.44921875,25531.94921875,0
NIFTY,2026-02-16 05:36:00+00:00,25530.94921875,25533.849609375,25525.849609375,25533.30078125,0
NIFTY,2026-02-16 05:37:00+00:00,25532.400390625,25536.19921875,25529.400390625,25530.69921875,0
NIFTY,2026-02-16 05:38:00+00:00,25531.80078125,25533.19921875,25528.349609375,25531.05078125,0
NIFTY,2026-02-16 05:39:00+00:00,25530.30078125,25533.349609375,25527.44921875,25531.94921875,0
NIFTY,2026-02-16 05:40:00+00:00,25531.650390625,25532.94921875,25529.0,25530.69921875,0
NIFTY,2026-02-16 05:41:00+00:00,25530.30078125,25531.400390625,25524.900390625,25526.900390625,0
NIFTY,2026-02-16 05:42:00+00:00,25526.349609375,25530.599609375,25523.94921875,25529.099609375,0
NIFTY,2026-02-16 05:43:00+00:00,25529.150390625,25533.849609375,25527.05078125,25533.099609375,0
NIFTY,2026-02-16 05:44:00+00:00,25533.650390625,25534.69921875,25530.599609375,25534.55078125,0
NIFTY,2026-02-16 05:45:00+00:00,25533.849609375,25538.25,25527.30078125,25535.55078125,0
NIFTY,2026-02-16 05:46:00+00:00,25534.5,25536.150390625,25528.400390625,25528.75,0
NIFTY,2026-02-16 05:47:00+00:00,25529.80078125,25537.900390625,25528.80078125,25537.599609375,0
NIFTY,2026-02-16 05:48:00+00:00,25536.80078125,25539.55078125,25535.05078125,25539.19921875,0
NIFTY,2026-02-16 05:49:00+00:00,25539.69921875,25540.69921875,25532.75,25533.849609375,0
NIFTY,2026-02-16 05:50:00+00:00,25534.650390625,25537.55078125,25530.69921875,25536.150390625,0
NIFTY,2026-02-16 05:51:00+00:00,25536.849609375,25538.44921875,25532.25,25535.599609375,0
NIFTY,2026-02-16 05:52:00+00:00,25536.80078125,25538.80078125,25533.25,25534.30078125,0
NIFTY,2026-02-16 05:53:00+00:00,25533.55078125,25536.44921875,25532.099609375,25536.05078125,0
NIFTY,2026-02-16 05:54:00+00:00,25536.30078125,25544.55078125,25536.30078125,25541.400390625,0
NIFTY,2026-02-16 05:55:00+00:00,25541.44921875,25547.150390625,25529.5,25529.5,0
NIFTY,2026-02-16 05:56:00+00:00,25529.94921875,25531.30078125,25522.55078125,25524.55078125,0
NIFTY,2026-02-16 05:57:00+00:00,25525.099609375,25531.150390625,25523.55078125,25527.69921875,0
NIFTY,2026-02-16 05:58:00+00:00,25528.400390625,25530.900390625,25519.75,25520.75,0
NIFTY,2026-02-16 05:59:00+00:00,25520.94921875,25520.94921875,25511.349609375,25517.80078125,0
NIFTY,2026-02-16 06:00:00+00:00,25518.099609375,25520.69921875,25513.900390625,25518.80078125,0
NIFTY,2026-02-16 06:01:00+00:00,25519.599609375,25525.05078125,25515.900390625,25522.25,0
NIFTY,2026-02-16 06:02:00+00:00,25522.099609375,25527.849609375,25520.650390625,25524.44921875,0
NIFTY,2026-02-16 06:03:00+00:00,25526.150390625,25531.30078125,25525.349609375,25528.30078125,0
NIFTY,2026-02-16 06:04:00+00:00,25529.30078125,25530.349609375,25518.900390625,25519.400390625,0
NIFTY,2026-02-16 06:05:00+00:00,25520.650390625,25521.400390625,25514.30078125,25516.30078125,0
NIFTY,2026-02-16 06:06:00+00:00,25515.75,25525.19921875,25513.599609375,25524.69921875,0
NIFTY,2026-02-16 06:07:00+00:00,25524.05078125,25529.44921875,25521.19921875,25522.75,0
NIFTY,2026-02-16 06:08:00+00:00,25522.69921875,25527.25,25521.44921875,25526.150390625,0
NIFTY,2026-02-16 06:09:00+00:00,25527.25,25531.400390625,25526.400390625,25528.19921875,0
NIFTY,2026-02-16 06:10:00+00:00,25528.5,25528.5,25519.30078125,25524.150390625,0
NIFTY,2026-02-16 06:11:00+00:00,25523.05078125,25526.55078125,25519.349609375,25524.19921875,0
NIFTY,2026-02-16 06:12:00+00:00,25525.25,25530.849609375,25522.5,25530.150390625,0
NIFTY,2026-02-16 06:13:00+00:00,25529.75,25531.55078125,25524.150390625,25524.349609375,0
NIFTY,2026-02-16 06:14:00+00:00,25524.849609375,25525.5,25518.900390625,25523.650390625,0
NIFTY,2026-02-16 06:15:00+00:00,25521.05078125,25522.5,25516.0,25517.650390625,0
NIFTY,2026-02-16 06:16:00+00:00,25517.150390625,25517.94921875,25503.05078125,25508.349609375,0
NIFTY,2026-02-16 06:17:00+00:00,25507.0,25518.44921875,25505.44921875,25515.099609375,0
NIFTY,2026-02-16 06:18:00+00:00,25514.75,25515.650390625,25509.0,25512.19921875,0
NIFTY,2026-02-16 06:19:00+00:00,25512.650390625,25517.599609375,25509.900390625,25515.599609375,0
NIFTY,2026-02-16 06:20:00+00:00,25515.099609375,25517.349609375,25511.849609375,25516.599609375,0
NIFTY,2026-02-16 06:21:00+00:00,25517.30078125,25517.400390625,25509.05078125,25512.650390625,0
NIFTY,2026-02-16 06:22:00+00:00,25513.349609375,25516.69921875,25510.150390625,25510.400390625,0
NIFTY,2026-02-16 06:23:00+00:00,25511.44921875,25513.5,25508.349609375,25512.25,0
NIFTY,2026-02-16 06:24:00+00:00,25512.650390625,25514.400390625,25506.80078125,25509.099609375,0
NIFTY,2026-02-16 06:25:00+00:00,25509.0,25515.05078125,25507.650390625,25513.099609375,0
NIFTY,2026-02-16 06:26:00+00:00,25514.349609375,25518.650390625,25511.44921875,25517.599609375,0
NIFTY,2026-02-16 06:27:00+00:00,25517.94921875,25524.55078125,25517.25,25522.75,0
NIFTY,2026-02-16 06:28:00+00:00,25521.099609375,25526.349609375,25521.099609375,25522.55078125,0
NIFTY,2026-02-16 06:29:00+00:00,25523.150390625,25529.650390625,25523.150390625,25529.099609375,0
NIFTY,2026-02-16 06:30:00+00:00,25529.099609375,25534.30078125,25528.849609375,25532.599609375,0
NIFTY,2026-02-16 06:31:00+00:00,25532.150390625,25537.400390625,25529.94921875,25531.55078125,0
NIFTY,2026-02-16 06:32:00+00:00,25532.650390625,25538.099609375,25530.75,25533.19921875,0
NIFTY,2026-02-16 06:33:00+00:00,25532.44921875,25538.75,25532.44921875,25536.099609375,0
NIFTY,2026-02-16 06:34:00+00:00,25536.0,25537.55078125,25531.349609375,25535.599609375,0
NIFTY,2026-02-16 06:35:00+00:00,25535.55078125,25537.099609375,25532.5,25534.400390625,0
NIFTY,2026-02-16 06:36:00+00:00,25534.400390625,25539.650390625,25533.400390625,25534.94921875,0
NIFTY,2026-02-16 06:37:00+00:00,25535.05078125,25538.69921875,25531.599609375,25537.25,0
NIFTY,2026-02-16 06:38:00+00:00,25537.099609375,25541.650390625,25535.5,25539.599609375,0
NIFTY,2026-02-16 06:39:00+00:00,25539.349609375,25542.80078125,25538.44921875,25539.30078125,0
NIFTY,2026-02-16 06:40:00+00:00,25539.599609375,25548.44921875,25539.599609375,25548.099609375,0
NIFTY,2026-02-16 06:41:00+00:00,25549.0,25555.19921875,25547.400390625,25550.55078125,0
NIFTY,2026-02-16 06:42:00+00:00,25550.349609375,25552.30078125,25546.94921875,25551.19921875,0
NIFTY,2026-02-16 06:43:00+00:00,25550.349609375,25551.849609375,25546.849609375,25547.25,0
NIFTY,2026-02-16 06:44:00+00:00,25548.5,25553.19921875,25544.900390625,25545.69921875,0
NIFTY,2026-02-16 06:45:00+00:00,25545.400390625,25547.5,25534.349609375,25536.19921875,0
NIFTY,2026-02-16 06:46:00+00:00,25535.900390625,25545.150390625,25532.94921875,25545.099609375,0
NIFTY,2026-02-16 06:47:00+00:00,25544.94921875,25555.349609375,25543.900390625,25555.349609375,0
NIFTY,2026-02-16 06:48:00+00:00,25553.5,25560.80078125,25553.19921875,25558.05078125,0
NIFTY,2026-02-16 06:49:00+00:00,25560.349609375,25565.5,25558.099609375,25561.25,0
NIFTY,2026-02-16 06:50:00+00:00,25562.5,25566.44921875,25555.25,25555.44921875,0
NIFTY,2026-02-16 06:51:00+00:00,25555.80078125,25559.25,25554.099609375,25555.0,0
NIFTY,2026-02-16 06:52:00+00:00,25555.349609375,25558.650390625,25552.05078125,25556.69921875,0
NIFTY,2026-02-16 06:53:00+00:00,25556.900390625,25558.900390625,25554.25,25557.69921875,0
NIFTY,2026-02-16 06:54:00+00:00,25558.099609375,25562.150390625,25556.30078125,25559.80078125,0
NIFTY,2026-02-16 06:55:00+00:00,25560.94921875,25564.25,25556.25,25556.30078125,0
NIFTY,2026-02-16 06:56:00+00:00,25556.5,25569.599609375,25554.400390625,25569.30078125,0
NIFTY,2026-02-16 06:57:00+00:00,25569.349609375,25572.69921875,25566.25,25569.55078125,0
NIFTY,2026-02-16 06:58:00+00:00,25570.650390625,25572.5,25567.69921875,25570.25,0
NIFTY,2026-02-16 06:59:00+00:00,25570.150390625,25576.05078125,25568.69921875,25576.05078125,0
NIFTY,2026-02-16 07:00:00+00:00,25576.400390625,25584.349609375,25576.400390625,25582.849609375,0
NIFTY,2026-02-16 07:01:00+00:00,25583.099609375,25587.80078125,25580.150390625,25581.599609375,0
NIFTY,2026-02-16 07:02:00+00:00,25582.05078125,25582.25,25572.150390625,25579.900390625,0
NIFTY,2026-02-16 07:03:00+00:00,25581.55078125,25584.55078125,25577.400390625,25583.44921875,0
NIFTY,2026-02-16 07:04:00+00:00,25584.099609375,25587.80078125,25583.400390625,25584.30078125,0
NIFTY,2026-02-16 07:05:00+00:00,25585.05078125,25587.55078125,25581.55078125,25587.55078125,0
NIFTY,2026-02-16 07:06:00+00:00,25586.69921875,25590.5,25583.25,25583.650390625,0
NIFTY,2026-02-16 07:07:00+00:00,25583.349609375,25584.69921875,25575.19921875,25578.69921875,0
NIFTY,2026-02-16 07:08:00+00:00,25579.05078125,25582.94921875,25574.69921875,25575.94921875,0
NIFTY,2026-02-16 07:09:00+00:00,25576.599609375,25579.5,25574.05078125,25574.599609375,0
NIFTY,2026-02-16 07:10:00+00:00,25575.0,25576.44921875,25572.0,25573.400390625,0
NIFTY,2026-02-16 07:11:00+00:00,25575.05078125,25578.650390625,25572.55078125,25576.05078125,0
NIFTY,2026-02-16 07:12:00+00:00,25576.55078125,25582.0,25573.44921875,25581.05078125,0
NIFTY,2026-02-16 07:13:00+00:00,25581.349609375,25583.900390625,25576.599609375,25578.80078125,0
NIFTY,2026-02-16 07:14:00+00:00,25578.5,25581.30078125,25576.05078125,25577.80078125,0
NIFTY,2026-02-16 07:15:00+00:00,25578.94921875,25582.349609375,25574.75,25576.80078125,0
NIFTY,2026-02-16 07:16:00+00:00,25576.599609375,25577.099609375,25569.5,25571.0,0
NIFTY,2026-02-16 07:17:00+00:00,25572.30078125,25576.599609375,25570.19921875,25574.25,0
NIFTY,2026-02-16 07:18:00+00:00,25574.0,25575.30078125,25566.30078125,25566.30078125,0
NIFTY,2026-02-16 07:19:00+00:00,25567.80078125,25570.849609375,25553.150390625,25554.0,0
NIFTY,2026-02-16 07:20:00+00:00,25554.80078125,25561.55078125,25553.150390625,25556.69921875,0
NIFTY,2026-02-16 07:21:00+00:00,25557.30078125,25559.849609375,25554.5,25556.69921875,0
NIFTY,2026-02-16 07:22:00+00:00,25556.55078125,25566.69921875,25555.099609375,25565.44921875,0
NIFTY,2026-02-16 07:23:00+00:00,25564.94921875,25571.599609375,25563.25,25567.55078125,0
NIFTY,2026-02-16 07:24:00+00:00,25566.80078125,25568.94921875,25564.150390625,25565.80078125,0
NIFTY,2026-02-16 07:25:00+00:00,25566.69921875,25573.650390625,25565.94921875,25568.55078125,0
NIFTY,2026-02-16 07:26:00+00:00,25568.599609375,25570.05078125,25561.099609375,25561.150390625,0
NIFTY,2026-02-16 07:27:00+00:00,25561.599609375,25564.650390625,25556.849609375,25558.150390625,0
NIFTY,2026-02-16 07:28:00+00:00,25558.30078125,25558.30078125,25550.650390625,25552.150390625,0
NIFTY,2026-02-16 07:29:00+00:00,25550.849609375,25557.150390625,25550.849609375,25556.849609375,0
NIFTY,2026-02-16 07:30:00+00:00,25556.599609375,25567.75,25555.19921875,25567.25,0
NIFTY,2026-02-16 07:31:00+00:00,25567.349609375,25578.599609375,25565.75,25577.599609375,0
NIFTY,2026-02-16 07:32:00+00:00,25577.19921875,25580.94921875,25575.44921875,25576.30078125,0
NIFTY,2026-02-16 07:33:00+00:00,25576.150390625,25577.849609375,25573.44921875,25575.05078125,0
NIFTY,2026-02-16 07:34:00+00:00,25577.150390625,25577.150390625,25569.0,25570.650390625,0
NIFTY,2026-02-16 07:35:00+00:00,25570.05078125,25574.80078125,25568.55078125,25570.400390625,0
NIFTY,2026-02-16 07:36:00+00:00,25569.900390625,25573.19921875,25564.900390625,25567.44921875,0
NIFTY,2026-02-16 07:37:00+00:00,25566.75,25570.650390625,25565.150390625,25569.30078125,0
NIFTY,2026-02-16 07:38:00+00:00,25569.650390625,25573.900390625,25567.349609375,25573.30078125,0
NIFTY,2026-02-16 07:39:00+00:00,25571.94921875,25578.0,25570.349609375,25576.849609375,0
NIFTY,2026-02-16 07:40:00+00:00,25576.19921875,25584.0,25574.400390625,25583.150390625,0
NIFTY,2026-02-16 07:41:00+00:00,25583.150390625,25584.849609375,25578.75,25580.599609375,0
NIFTY,2026-02-16 07:42:00+00:00,25582.150390625,25583.5,25574.400390625,25574.80078125,0
NIFTY,2026-02-16 07:43:00+00:00,25576.55078125,25579.80078125,25574.19921875,25576.5,0
NIFTY,2026-02-16 07:44:00+00:00,25575.80078125,25577.44921875,25570.900390625,25571.349609375,0
NIFTY,2026-02-16 07:45:00+00:00,25571.44921875,25575.55078125,25569.900390625,25572.5,0
NIFTY,2026-02-16 07:46:00+00:00,25570.849609375,25572.900390625,25569.099609375,25571.0,0
NIFTY,2026-02-16 07:47:00+00:00,25570.900390625,25571.94921875,25567.0,25569.30078125,0
NIFTY,2026-02-16 07:48:00+00:00,25567.55078125,25569.650390625,25565.400390625,25567.80078125,0
NIFTY,2026-02-16 07:49:00+00:00,25567.25,25570.150390625,25564.80078125,25567.94921875,0
NIFTY,2026-02-16 07:50:00+00:00,25566.75,25572.400390625,25565.55078125,25571.150390625,0
NIFTY,2026-02-16 07:51:00+00:00,25572.150390625,25574.44921875,25566.69921875,25567.099609375,0
NIFTY,2026-02-16 07:52:00+00:00,25567.849609375,25577.30078125,25564.349609375,25576.55078125,0
NIFTY,2026-02-16 07:53:00+00:00,25577.05078125,25581.0,25573.650390625,25574.80078125,0
NIFTY,2026-02-16 07:54:00+00:00,25575.44921875,25577.75,25572.94921875,25574.75,0
NIFTY,2026-02-16 07:55:00+00:00,25574.900390625,25576.5,25569.0,25571.099609375,0
NIFTY,2026-02-16 07:56:00+00:00,25570.75,25576.5,25569.400390625,25574.900390625,0
NIFTY,2026-02-16 07:57:00+00:00,25575.69921875,25577.599609375,25572.69921875,25575.44921875,0
NIFTY,2026-02-16 07:58:00+00:00,25575.099609375,25579.599609375,25573.650390625,25576.900390625,0
NIFTY,2026-02-16 07:59:00+00:00,25577.900390625,25584.0,25576.0,25581.69921875,0
NIFTY,2026-02-16 08:00:00+00:00,25582.400390625,25584.19921875,25572.150390625,25572.19921875,0
NIFTY,2026-02-16 08:01:00+00:00,25572.349609375,25575.150390625,25567.44921875,25569.5,0
NIFTY,2026-02-16 08:02:00+00:00,25569.900390625,25571.0,25566.349609375,25569.650390625,0
NIFTY,2026-02-16 08:03:00+00:00,25570.19921875,25579.650390625,25568.599609375,25577.19921875,0
NIFTY,2026-02-16 08:04:00+00:00,25578.19921875,25581.69921875,25573.5,25576.25,0
NIFTY,2026-02-16 08:05:00+00:00,25577.25,25583.44921875,25575.94921875,25581.900390625,0
NIFTY,2026-02-16 08:06:00+00:00,25581.349609375,25587.19921875,25579.349609375,25583.25,0
NIFTY,2026-02-16 08:07:00+00:00,25584.5,25587.25,25583.099609375,25584.650390625,0
NIFTY,2026-02-16 08:08:00+00:00,25585.25,25588.5,25579.19921875,25580.94921875,0
NIFTY,2026-02-16 08:09:00+00:00,25581.099609375,25592.44921875,25579.150390625,25590.150390625,0
NIFTY,2026-02-16 08:10:00+00:00,25590.599609375,25591.400390625,25583.900390625,25586.25,0
NIFTY,2026-02-16 08:11:00+00:00,25586.650390625,25591.75,25584.400390625,25589.650390625,0
NIFTY,2026-02-16 08:12:00+00:00,25588.30078125,25590.44921875,25585.5,25588.30078125,0
NIFTY,2026-02-16 08:13:00+00:00,25587.44921875,25591.94921875,25586.05078125,25590.150390625,0
NIFTY,2026-02-16 08:14:00+00:00,25588.849609375,25593.099609375,25588.30078125,25590.599609375,0
NIFTY,2026-02-16 08:15:00+00:00,25590.69921875,25593.900390625,25586.349609375,25586.349609375,0
NIFTY,2026-02-16 08:16:00+00:00,25587.400390625,25588.650390625,25583.349609375,25587.05078125,0
NIFTY,2026-02-16 08:17:00+00:00,25586.30078125,25587.55078125,25583.80078125,25585.94921875,0
NIFTY,2026-02-16 08:18:00+00:00,25586.5,25586.849609375,25581.94921875,25583.400390625,0
NIFTY,2026-02-16 08:19:00+00:00,25584.0,25586.150390625,25580.44921875,25582.400390625,0
NIFTY,2026-02-16 08:20:00+00:00,25580.849609375,25589.900390625,25580.849609375,25587.849609375,0
NIFTY,2026-02-16 08:21:00+00:00,25588.19921875,25588.69921875,25582.25,25584.0,0
NIFTY,2026-02-16 08:22:00+00:00,25584.44921875,25585.80078125,25573.75,25574.19921875,0
NIFTY,2026-02-16 08:23:00+00:00,25573.650390625,25579.349609375,25572.900390625,25573.400390625,0
NIFTY,2026-02-16 08:24:00+00:00,25572.849609375,25574.599609375,25567.30078125,25567.30078125,0
NIFTY,2026-02-16 08:25:00+00:00,25567.400390625,25569.55078125,25558.650390625,25559.30078125,0
NIFTY,2026-02-16 08:26:00+00:00,25559.30078125,25562.599609375,25547.44921875,25548.44921875,0
NIFTY,2026-02-16 08:27:00+00:00,25547.349609375,25558.94921875,25544.849609375,25554.400390625,0
NIFTY,2026-02-16 08:28:00+00:00,25553.349609375,25566.44921875,25552.650390625,25565.19921875,0
NIFTY,2026-02-16 08:29:00+00:00,25565.0,25566.55078125,25561.25,25566.0,0
NIFTY,2026-02-16 08:30:00+00:00,25565.0,25575.150390625,25564.25,25573.849609375,0
NIFTY,2026-02-16 08:31:00+00:00,25574.099609375,25579.849609375,25573.44921875,25578.94921875,0
NIFTY,2026-02-16 08:32:00+00:00,25580.25,25585.400390625,25578.900390625,25584.30078125,0
NIFTY,2026-02-16 08:33:00+00:00,25583.900390625,25584.25,25572.25,25573.44921875,0
NIFTY,2026-02-16 08:34:00+00:00,25575.19921875,25580.849609375,25574.900390625,25576.349609375,0
NIFTY,2026-02-16 08:35:00+00:00,25577.150390625,25580.19921875,25565.94921875,25567.0,0
NIFTY,2026-02-16 08:36:00+00:00,25567.0,25567.599609375,25562.94921875,25565.099609375,0
NIFTY,2026-02-16 08:37:00+00:00,25564.94921875,25576.150390625,25564.150390625,25572.400390625,0
NIFTY,2026-02-16 08:38:00+00:00,25573.099609375,25573.099609375,25562.599609375,25564.55078125,0
NIFTY,2026-02-16 08:39:00+00:00,25564.25,25565.5,25560.849609375,25562.0,0
NIFTY,2026-02-16 08:40:00+00:00,25563.44921875,25568.0,25560.5,25562.849609375,0
NIFTY,2026-02-16 08:41:00+00:00,25563.30078125,25572.80078125,25562.94921875,25572.44921875,0
NIFTY,2026-02-16 08:42:00+00:00,25571.0,25577.44921875,25570.650390625,25572.400390625,0
NIFTY,2026-02-16 08:43:00+00:00,25572.5,25582.349609375,25571.55078125,25580.69921875,0
NIFTY,2026-02-16 08:44:00+00:00,25581.30078125,25582.5,25578.94921875,25580.349609375,0
NIFTY,2026-02-16 08:45:00+00:00,25581.099609375,25582.75,25578.05078125,25582.0,0
NIFTY,2026-02-16 08:46:00+00:00,25581.5,25587.5,25579.80078125,25581.0,0
NIFTY,2026-02-16 08:47:00+00:00,25580.44921875,25584.75,25577.80078125,25580.349609375,0
NIFTY,2026-02-16 08:48:00+00:00,25580.099609375,25582.599609375,25575.5,25577.30078125,0
NIFTY,2026-02-16 08:49:00+00:00,25578.19921875,25579.94921875,25574.0,25575.25,0
NIFTY,2026-02-16 08:50:00+00:00,25575.5,25584.900390625,25575.150390625,25581.150390625,0
NIFTY,2026-02-16 08:51:00+00:00,25582.150390625,25582.150390625,25575.5,25579.94921875,0
NIFTY,2026-02-16 08:52:00+00:00,25579.849609375,25584.599609375,25579.44921875,25580.0,0
NIFTY,2026-02-16 08:53:00+00:00,25579.349609375,25584.0,25578.900390625,25582.30078125,0
NIFTY,2026-02-16 08:54:00+00:00,25582.30078125,25584.30078125,25580.349609375,25583.94921875,0
NIFTY,2026-02-16 08:55:00+00:00,25583.80078125,25591.650390625,25582.849609375,25591.0,0
NIFTY,2026-02-16 08:56:00+00:00,25590.94921875,25592.0,25586.599609375,25591.30078125,0
NIFTY,2026-02-16 08:57:00+00:00,25591.349609375,25598.650390625,25589.75,25596.05078125,0
NIFTY,2026-02-16 08:58:00+00:00,25595.599609375,25614.19921875,25595.05078125,25614.150390625,0
NIFTY,2026-02-16 08:59:00+00:00,25613.349609375,25623.55078125,25613.19921875,25620.400390625,0
NIFTY,2026-02-16 09:00:00+00:00,25620.75,25627.94921875,25620.349609375,25624.80078125,0
NIFTY,2026-02-16 09:01:00+00:00,25624.849609375,25630.75,25622.099609375,25624.5,0
NIFTY,2026-02-16 09:02:00+00:00,25624.80078125,25635.30078125,25623.44921875,25630.69921875,0
NIFTY,2026-02-16 09:03:00+00:00,25630.19921875,25637.25,25629.05078125,25636.400390625,0
NIFTY,2026-02-16 09:04:00+00:00,25636.25,25648.900390625,25636.19921875,25648.900390625,0
NIFTY,2026-02-16 09:05:00+00:00,25647.55078125,25654.80078125,25644.650390625,25645.94921875,0
NIFTY,2026-02-16 09:06:00+00:00,25645.44921875,25653.75,25643.900390625,25649.44921875,0
NIFTY,2026-02-16 09:07:00+00:00,25649.900390625,25651.69921875,25645.849609375,25648.599609375,0
NIFTY,2026-02-16 09:08:00+00:00,25647.349609375,25647.349609375,25634.349609375,25636.0,0
NIFTY,2026-02-16 09:09:00+00:00,25635.400390625,25639.400390625,25634.44921875,25636.349609375,0
NIFTY,2026-02-16 09:10:00+00:00,25636.0,25644.099609375,25635.900390625,25638.650390625,0
NIFTY,2026-02-16 09:11:00+00:00,25637.900390625,25639.900390625,25633.25,25637.94921875,0
NIFTY,2026-02-16 09:12:00+00:00,25637.94921875,25643.599609375,25635.400390625,25638.5,0
NIFTY,2026-02-16 09:13:00+00:00,25639.30078125,25640.44921875,25631.55078125,25639.55078125,0
NIFTY,2026-02-16 09:14:00+00:00,25639.599609375,25648.69921875,25638.599609375,25646.25,0
NIFTY,2026-02-16 09:15:00+00:00,25645.75,25649.19921875,25640.5,25641.75,0
NIFTY,2026-02-16 09:16:00+00:00,25642.0,25647.69921875,25639.80078125,25643.900390625,0
NIFTY,2026-02-16 09:17:00+00:00,25644.75,25648.900390625,25643.05078125,25646.25,0
NIFTY,2026-02-16 09:18:00+00:00,25647.25,25658.150390625,25647.19921875,25658.150390625,0
NIFTY,2026-02-16 09:19:00+00:00,25657.94921875,25668.94921875,25657.94921875,25665.0,0
NIFTY,2026-02-16 09:20:00+00:00,25665.30078125,25665.75,25657.69921875,25662.19921875,0
NIFTY,2026-02-16 09:21:00+00:00,25662.25,25665.900390625,25657.650390625,25657.75,0
NIFTY,2026-02-16 09:22:00+00:00,25657.849609375,25659.25,25650.55078125,25652.0,0
NIFTY,2026-02-16 09:23:00+00:00,25652.650390625,25652.650390625,25643.900390625,25650.849609375,0
NIFTY,2026-02-16 09:24:00+00:00,25650.5,25654.44921875,25649.25,25651.349609375,0
NIFTY,2026-02-16 09:25:00+00:00,25651.599609375,25655.94921875,25647.900390625,25654.400390625,0
NIFTY,2026-02-16 09:26:00+00:00,25655.55078125,25660.900390625,25654.5,25660.44921875,0
NIFTY,2026-02-16 09:27:00+00:00,25659.94921875,25660.400390625,25652.0,25654.400390625,0
NIFTY,2026-02-16 09:28:00+00:00,25654.05078125,25666.19921875,25653.30078125,25663.400390625,0
NIFTY,2026-02-16 09:29:00+00:00,25664.75,25664.75,25659.599609375,25663.44921875,0
NIFTY,2026-02-16 09:30:00+00:00,25661.55078125,25677.5,25661.55078125,25676.599609375,0
NIFTY,2026-02-16 09:31:00+00:00,25674.80078125,25681.25,25674.80078125,25681.25,0
NIFTY,2026-02-16 09:32:00+00:00,25680.900390625,25686.05078125,25676.05078125,25677.5,0
NIFTY,2026-02-16 09:33:00+00:00,25676.349609375,25680.400390625,25672.19921875,25679.25,0
NIFTY,2026-02-16 09:34:00+00:00,25680.05078125,25687.30078125,25679.30078125,25686.650390625,0
NIFTY,2026-02-16 09:35:00+00:00,25684.75,25686.69921875,25678.5,25681.349609375,0
NIFTY,2026-02-16 09:36:00+00:00,25682.150390625,25689.69921875,25682.150390625,25689.69921875,0
NIFTY,2026-02-16 09:37:00+00:00,25688.5,25693.0,25686.55078125,25688.94921875,0
NIFTY,2026-02-16 09:38:00+00:00,25689.44921875,25691.69921875,25683.5,25687.0,0
NIFTY,2026-02-16 09:39:00+00:00,25687.5,25691.150390625,25686.30078125,25688.650390625,0
NIFTY,2026-02-16 09:40:00+00:00,25687.099609375,25695.80078125,25687.099609375,25693.900390625,0
NIFTY,2026-02-16 09:41:00+00:00,25694.05078125,25695.849609375,25689.849609375,25691.25,0
NIFTY,2026-02-16 09:42:00+00:00,25691.55078125,25692.650390625,25687.30078125,25687.900390625,0
NIFTY,2026-02-16 09:43:00+00:00,25688.05078125,25690.150390625,25683.5,25684.55078125,0
NIFTY,2026-02-16 09:44:00+00:00,25685.349609375,25691.599609375,25682.349609375,25686.75,0
NIFTY,2026-02-16 09:45:00+00:00,25687.05078125,25689.0,25679.900390625,25683.0,0
NIFTY,2026-02-16 09:46:00+00:00,25683.0,25685.099609375,25677.150390625,25682.400390625,0
NIFTY,2026-02-16 09:47:00+00:00,25681.099609375,25686.599609375,25680.94921875,25683.0,0
NIFTY,2026-02-16 09:48:00+00:00,25682.5,25685.650390625,25676.80078125,25679.55078125,0
NIFTY,2026-02-16 09:49:00+00:00,25680.19921875,25682.94921875,25676.849609375,25680.94921875,0
NIFTY,2026-02-16 09:50:00+00:00,25678.25,25682.69921875,25676.25,25681.0,0
NIFTY,2026-02-16 09:51:00+00:00,25680.099609375,25683.150390625,25676.650390625,25682.94921875,0
NIFTY,2026-02-16 09:52:00+00:00,25679.849609375,25683.900390625,25675.5,25681.0,0
NIFTY,2026-02-16 09:53:00+00:00,25679.05078125,25688.900390625,25676.80078125,25687.650390625,0
NIFTY,2026-02-16 09:54:00+00:00,25687.599609375,25692.75,25684.599609375,25687.599609375,0
NIFTY,2026-02-16 09:55:00+00:00,25689.349609375,25691.94921875,25680.94921875,25686.599609375,0
NIFTY,2026-02-16 09:56:00+00:00,25687.80078125,25688.900390625,25680.349609375,25683.650390625,0
NIFTY,2026-02-16 09:57:00+00:00,25683.94921875,25685.099609375,25673.0,25681.25,0
NIFTY,2026-02-16 09:58:00+00:00,25683.69921875,25685.55078125,25674.599609375,25679.55078125,0
NIFTY,2026-02-16 09:59:00+00:00,25683.349609375,25686.099609375,25677.19921875,25682.44921875,0
NIFTY,2026-02-17 03:45:00+00:00,25644.5,25644.5,25594.099609375,25605.849609375,0
NIFTY,2026-02-17 03:46:00+00:00,25601.05078125,25604.849609375,25591.69921875,25598.599609375,0
NIFTY,2026-02-17 03:47:00+00:00,25602.80078125,25605.25,25592.80078125,25604.650390625,0
NIFTY,2026-02-17 03:48:00+00:00,25604.849609375,25609.599609375,25600.94921875,25608.099609375,0
NIFTY,2026-02-17 03:49:00+00:00,25607.849609375,25614.900390625,25602.05078125,25612.44921875,0
NIFTY,2026-02-17 03:50:00+00:00,25610.44921875,25610.44921875,25580.44921875,25580.44921875,0
NIFTY,2026-02-17 03:51:00+00:00,25580.94921875,25593.44921875,25578.900390625,25590.349609375,0
NIFTY,2026-02-17 03:52:00+00:00,25589.75,25609.69921875,25586.099609375,25602.599609375,0
NIFTY,2026-02-17 03:53:00+00:00,25601.900390625,25607.599609375,25588.05078125,25588.69921875,0
NIFTY,2026-02-17 03:54:00+00:00,25589.75,25590.25,25574.69921875,25579.69921875,0
NIFTY,2026-02-17 03:55:00+00:00,25578.849609375,25590.94921875,25570.69921875,25587.599609375,0
NIFTY,2026-02-17 03:56:00+00:00,25590.25,25598.400390625,25584.0,25587.0,0
NIFTY,2026-02-17 03:57:00+00:00,25586.75,25591.44921875,25582.30078125,25582.80078125,0
NIFTY,2026-02-17 03:58:00+00:00,25583.0,25594.75,25581.5,25594.650390625,0
NIFTY,2026-02-17 03:59:00+00:00,25594.5,25595.80078125,25588.55078125,25592.80078125,0
NIFTY,2026-02-17 04:00:00+00:00,25593.099609375,25593.099609375,25578.69921875,25591.0,0
NIFTY,2026-02-17 04:01:00+00:00,25591.0,25591.0,25583.400390625,25586.349609375,0
NIFTY,2026-02-17 04:02:00+00:00,25587.650390625,25605.19921875,25580.19921875,25604.44921875,0
NIFTY,2026-02-17 04:03:00+00:00,25605.599609375,25616.5,25600.5,25612.349609375,0
NIFTY,2026-02-17 04:04:00+00:00,25613.099609375,25614.05078125,25602.69921875,25612.400390625,0
NIFTY,2026-02-17 04:05:00+00:00,25613.849609375,25614.25,25601.25,25603.75,0
NIFTY,2026-02-17 04:06:00+00:00,25603.349609375,25604.349609375,25586.650390625,25589.80078125,0
NIFTY,2026-02-17 04:07:00+00:00,25587.44921875,25603.30078125,25584.05078125,25594.849609375,0
NIFTY,2026-02-17 04:08:00+00:00,25594.900390625,25610.05078125,25594.55078125,25609.349609375,0
NIFTY,2026-02-17 04:09:00+00:00,25610.75,25616.650390625,25608.5,25616.599609375,0
NIFTY,2026-02-17 04:10:00+00:00,25615.05078125,25615.05078125,25602.5,25606.55078125,0
NIFTY,2026-02-17 04:11:00+00:00,25605.69921875,25610.75,25601.400390625,25609.349609375,0
NIFTY,2026-02-17 04:12:00+00:00,25609.849609375,25622.150390625,25606.55078125,25617.099609375,0
NIFTY,2026-02-17 04:13:00+00:00,25618.5,25628.849609375,25617.400390625,25627.30078125,0
NIFTY,2026-02-17 04:14:00+00:00,25627.900390625,25644.75,25625.5,25642.94921875,0
NIFTY,2026-02-17 04:15:00+00:00,25642.19921875,25645.650390625,25637.5,25645.650390625,0
NIFTY,2026-02-17 04:16:00+00:00,25645.599609375,25645.599609375,25639.55078125,25644.400390625,0
NIFTY,2026-02-17 04:17:00+00:00,25644.5,25644.55078125,25635.0,25636.55078125,0
NIFTY,2026-02-17 04:18:00+00:00,25636.150390625,25641.400390625,25634.25,25636.849609375,0
NIFTY,2026-02-17 04:19:00+00:00,25637.150390625,25642.55078125,25632.400390625,25641.55078125,0
NIFTY,2026-02-17 04:20:00+00:00,25641.19921875,25647.400390625,25633.099609375,25642.69921875,0
NIFTY,2026-02-17 04:21:00+00:00,25642.75,25648.5,25641.19921875,25648.5,0
NIFTY,2026-02-17 04:22:00+00:00,25647.599609375,25657.849609375,25647.55078125,25655.30078125,0
NIFTY,2026-02-17 04:23:00+00:00,25655.5,25662.849609375,25655.0,25661.75,0
NIFTY,2026-02-17 04:24:00+00:00,25661.400390625,25664.400390625,25654.75,25662.30078125,0
NIFTY,2026-02-17 04:25:00+00:00,25662.0,25664.55078125,25656.0,25657.19921875,0
NIFTY,2026-02-17 04:26:00+00:00,25656.55078125,25657.0,25653.599609375,25654.30078125,0
NIFTY,2026-02-17 04:27:00+00:00,25655.0,25668.75,25652.900390625,25667.349609375,0
NIFTY,2026-02-17 04:28:00+00:00,25668.349609375,25675.55078125,25664.55078125,25670.0,0
NIFTY,2026-02-17 04:29:00+00:00,25670.69921875,25670.849609375,25658.44921875,25663.150390625,0
NIFTY,2026-02-17 04:30:00+00:00,25662.25,25662.69921875,25655.44921875,25660.400390625,0
NIFTY,2026-02-17 04:31:00+00:00,25660.80078125,25667.400390625,25659.94921875,25665.80078125,0
NIFTY,2026-02-17 04:32:00+00:00,25665.599609375,25665.599609375,25651.30078125,25656.94921875,0
NIFTY,2026-02-17 04:33:00+00:00,25656.30078125,25661.650390625,25656.30078125,25660.19921875,0
NIFTY,2026-02-17 04:34:00+00:00,25659.80078125,25663.400390625,25656.150390625,25662.25,0
NIFTY,2026-02-17 04:35:00+00:00,25662.0,25663.80078125,25657.69921875,25661.19921875,0
NIFTY,2026-02-17 04:36:00+00:00,25660.25,25666.69921875,25656.94921875,25666.25,0
NIFTY,2026-02-17 04:37:00+00:00,25665.349609375,25668.849609375,25661.75,25665.0,0
NIFTY,2026-02-17 04:38:00+00:00,25664.30078125,25669.150390625,25658.25,25667.69921875,0
NIFTY,2026-02-17 04:39:00+00:00,25669.099609375,25671.849609375,25664.900390625,25665.44921875,0
NIFTY,2026-02-17 04:40:00+00:00,25665.80078125,25667.30078125,25663.099609375,25664.650390625,0
NIFTY,2026-02-17 04:41:00+00:00,25664.30078125,25665.25,25659.400390625,25665.150390625,0
NIFTY,2026-02-17 04:42:00+00:00,25665.05078125,25673.75,25664.599609375,25671.849609375,0
NIFTY,2026-02-17 04:43:00+00:00,25672.099609375,25678.69921875,25671.19921875,25678.099609375,0
NIFTY,2026-02-17 04:44:00+00:00,25678.69921875,25681.400390625,25676.30078125,25679.25,0
NIFTY,2026-02-17 04:45:00+00:00,25679.400390625,25680.05078125,25666.150390625,25668.75,0
NIFTY,2026-02-17 04:46:00+00:00,25668.80078125,25675.650390625,25667.0,25672.55078125,0
NIFTY,2026-02-17 04:47:00+00:00,25672.349609375,25677.05078125,25670.30078125,25673.849609375,0
NIFTY,2026-02-17 04:48:00+00:00,25673.349609375,25683.94921875,25672.75,25680.44921875,0
NIFTY,2026-02-17 04:49:00+00:00,25681.55078125,25692.150390625,25680.69921875,25690.69921875,0
NIFTY,2026-02-17 04:50:00+00:00,25690.44921875,25697.25,25690.25,25696.650390625,0
NIFTY,2026-02-17 04:51:00+00:00,25696.650390625,25697.94921875,25689.19921875,25690.55078125,0
NIFTY,2026-02-17 04:52:00+00:00,25691.19921875,25695.0,25687.650390625,25692.75,0
NIFTY,2026-02-17 04:53:00+00:00,25692.0,25693.05078125,25687.80078125,25691.900390625,0
NIFTY,2026-02-17 04:54:00+00:00,25691.94921875,25695.349609375,25687.55078125,25694.650390625,0
NIFTY,2026-02-17 04:55:00+00:00,25694.599609375,25696.69921875,25692.05078125,25693.05078125,0
NIFTY,2026-02-17 04:56:00+00:00,25693.650390625,25707.69921875,25692.650390625,25706.94921875,0
NIFTY,2026-02-17 04:57:00+00:00,25707.44921875,25719.849609375,25705.599609375,25719.099609375,0
NIFTY,2026-02-17 04:58:00+00:00,25719.349609375,25725.349609375,25715.69921875,25725.349609375,0
NIFTY,2026-02-17 04:59:00+00:00,25726.30078125,25728.5,25716.80078125,25724.400390625,0
NIFTY,2026-02-17 05:00:00+00:00,25724.099609375,25729.69921875,25719.94921875,25729.69921875,0
NIFTY,2026-02-17 05:01:00+00:00,25728.599609375,25729.44921875,25723.349609375,25725.25,0
NIFTY,2026-02-17 05:02:00+00:00,25725.5,25730.099609375,25723.44921875,25724.400390625,0
NIFTY,2026-02-17 05:03:00+00:00,25724.75,25724.75,25716.900390625,25718.75,0
NIFTY,2026-02-17 05:04:00+00:00,25719.150390625,25719.150390625,25706.150390625,25710.5,0
NIFTY,2026-02-17 05:05:00+00:00,25709.94921875,25710.0,25700.400390625,25705.150390625,0
NIFTY,2026-02-17 05:06:00+00:00,25704.650390625,25706.80078125,25703.25,25705.5,0
NIFTY,2026-02-17 05:07:00+00:00,25705.75,25707.80078125,25698.599609375,25700.55078125,0
NIFTY,2026-02-17 05:08:00+00:00,25701.099609375,25701.099609375,25692.25,25696.099609375,0
NIFTY,2026-02-17 05:09:00+00:00,25697.25,25697.75,25691.94921875,25692.80078125,0
NIFTY,2026-02-17 05:10:00+00:00,25692.44921875,25697.349609375,25689.19921875,25694.05078125,0
NIFTY,2026-02-17 05:11:00+00:00,25693.900390625,25696.5,25686.75,25689.0,0
NIFTY,2026-02-17 05:12:00+00:00,25690.0,25690.94921875,25683.599609375,25687.19921875,0
NIFTY,2026-02-17 05:13:00+00:00,25687.849609375,25688.30078125,25666.05078125,25667.25,0
NIFTY,2026-02-17 05:14:00+00:00,25667.55078125,25667.55078125,25657.19921875,25661.30078125,0
NIFTY,2026-02-17 05:15:00+00:00,25661.599609375,25668.05078125,25656.05078125,25666.69921875,0
NIFTY,2026-02-17 05:16:00+00:00,25667.150390625,25667.650390625,25654.0,25656.400390625,0
NIFTY,2026-02-17 05:17:00+00:00,25656.650390625,25657.349609375,25642.75,25648.650390625,0
NIFTY,2026-02-17 05:18:00+00:00,25649.19921875,25658.44921875,25645.30078125,25658.19921875,0
NIFTY,2026-02-17 05:19:00+00:00,25658.099609375,25665.5,25656.650390625,25656.650390625,0
NIFTY,2026-02-17 05:20:00+00:00,25657.099609375,25657.599609375,25649.900390625,25655.900390625,0
NIFTY,2026-02-17 05:21:00+00:00,25655.5,25656.55078125,25651.900390625,25655.69921875,0
NIFTY,2026-02-17 05:22:00+00:00,25655.80078125,25657.150390625,25651.44921875,25656.94921875,0
NIFTY,2026-02-17 05:23:00+00:00,25656.75,25658.150390625,25650.5,25651.44921875,0
NIFTY,2026-02-17 05:24:00+00:00,25651.69921875,25656.69921875,25649.19921875,25656.599609375,0
NIFTY,2026-02-17 05:25:00+00:00,25656.55078125,25664.849609375,25656.25,25662.5,0
NIFTY,2026-02-17 05:26:00+00:00,25662.400390625,25666.0,25659.25,25659.44921875,0
NIFTY,2026-02-17 05:27:00+00:00,25659.19921875,25660.650390625,25656.75,25659.099609375,0
NIFTY,2026-02-17 05:28:00+00:00,25659.30078125,25666.30078125,25658.75,25662.30078125,0
NIFTY,2026-02-17 05:29:00+00:00,25662.349609375,25669.150390625,25661.849609375,25668.099609375,0
NIFTY,2026-02-17 05:30:00+00:00,25667.75,25669.0,25658.19921875,25663.650390625,0
NIFTY,2026-02-17 05:31:00+00:00,25663.400390625,25672.099609375,25662.099609375,25668.75,0
NIFTY,2026-02-17 05:32:00+00:00,25669.19921875,25669.55078125,25659.44921875,25666.599609375,0
NIFTY,2026-02-17 05:33:00+00:00,25666.349609375,25668.5,25659.349609375,25661.05078125,0
NIFTY,2026-02-17 05:34:00+00:00,25660.69921875,25667.849609375,25659.69921875,25666.55078125,0
NIFTY,2026-02-17 05:35:00+00:00,25666.80078125,25667.900390625,25662.0,25662.5,0
NIFTY,2026-02-17 05:36:00+00:00,25662.849609375,25663.099609375,25653.650390625,25658.5,0
NIFTY,2026-02-17 05:37:00+00:00,25658.19921875,25664.69921875,25657.349609375,25663.5,0
NIFTY,2026-02-17 05:38:00+00:00,25663.75,25672.75,25663.05078125,25672.400390625,0
NIFTY,2026-02-17 05:39:00+00:00,25673.150390625,25674.94921875,25667.150390625,25670.599609375,0
NIFTY,2026-02-17 05:40:00+00:00,25671.19921875,25671.19921875,25661.400390625,25664.349609375,0
NIFTY,2026-02-17 05:41:00+00:00,25664.25,25670.94921875,25661.599609375,25670.94921875,0
NIFTY,2026-02-17 05:42:00+00:00,25670.75,25674.94921875,25670.55078125,25671.5,0
NIFTY,2026-02-17 05:43:00+00:00,25671.5,25673.150390625,25667.94921875,25670.900390625,0
NIFTY,2026-02-17 05:44:00+00:00,25670.80078125,25673.099609375,25668.69921875,25673.099609375,0
NIFTY,2026-02-17 05:45:00+00:00,25673.94921875,25675.19921875,25669.5,25675.19921875,0
NIFTY,2026-02-17 05:46:00+00:00,25675.400390625,25680.400390625,25674.30078125,25676.849609375,0
NIFTY,2026-02-17 05:47:00+00:00,25676.94921875,25685.80078125,25675.69921875,25685.349609375,0
NIFTY,2026-02-17 05:48:00+00:00,25686.30078125,25690.25,25684.150390625,25686.900390625,0
NIFTY,2026-02-17 05:49:00+00:00,25686.25,25686.599609375,25680.55078125,25685.80078125,0
NIFTY,2026-02-17 05:50:00+00:00,25685.599609375,25689.849609375,25681.94921875,25689.849609375,0
NIFTY,2026-02-17 05:51:00+00:00,25689.94921875,25689.94921875,25679.69921875,25680.44921875,0
NIFTY,2026-02-17 05:52:00+00:00,25680.400390625,25689.55078125,25679.05078125,25686.30078125,0
NIFTY,2026-02-17 05:53:00+00:00,25687.099609375,25690.150390625,25686.349609375,25687.349609375,0
NIFTY,2026-02-17 05:54:00+00:00,25687.25,25690.900390625,25686.099609375,25688.0,0
NIFTY,2026-02-17 05:55:00+00:00,25689.0,25689.0,25685.400390625,25687.25,0
NIFTY,2026-02-17 05:56:00+00:00,25687.099609375,25690.05078125,25685.55078125,25690.05078125,0
NIFTY,2026-02-17 05:57:00+00:00,25690.400390625,25692.849609375,25687.30078125,25690.30078125,0
NIFTY,2026-02-17 05:58:00+00:00,25690.150390625,25695.55078125,25688.75,25693.849609375,0
NIFTY,2026-02-17 05:59:00+00:00,25694.0,25694.900390625,25689.44921875,25693.599609375,0
NIFTY,2026-02-17 06:00:00+00:00,25693.94921875,25694.5,25687.55078125,25691.30078125,0
NIFTY,2026-02-17 06:01:00+00:00,25690.849609375,25695.69921875,25689.55078125,25690.349609375,0
NIFTY,2026-02-17 06:02:00+00:00,25690.75,25701.0,25688.80078125,25701.0,0
NIFTY,2026-02-17 06:03:00+00:00,25700.650390625,25722.400390625,25699.849609375,25719.849609375,0
NIFTY,2026-02-17 06:04:00+00:00,25719.849609375,25723.849609375,25715.75,25721.44921875,0
NIFTY,2026-02-17 06:05:00+00:00,25721.19921875,25721.400390625,25716.75,25721.30078125,0
NIFTY,2026-02-17 06:06:00+00:00,25722.0,25729.55078125,25718.25,25728.44921875,0
NIFTY,2026-02-17 06:07:00+00:00,25728.400390625,25735.150390625,25727.69921875,25734.30078125,0
NIFTY,2026-02-17 06:08:00+00:00,25733.900390625,25745.349609375,25731.349609375,25734.75,0
NIFTY,2026-02-17 06:09:00+00:00,25735.150390625,25736.849609375,25727.30078125,25730.55078125,0
NIFTY,2026-02-17 06:10:00+00:00,25730.650390625,25732.25,25723.30078125,25727.0,0
NIFTY,2026-02-17 06:11:00+00:00,25726.650390625,25728.099609375,25722.400390625,25723.80078125,0
NIFTY,2026-02-17 06:12:00+00:00,25723.75,25723.75,25708.5,25709.599609375,0
NIFTY,2026-02-17 06:13:00+00:00,25709.400390625,25718.599609375,25708.900390625,25718.599609375,0
NIFTY,2026-02-17 06:14:00+00:00,25718.5,25724.349609375,25714.849609375,25722.349609375,0
NIFTY,2026-02-17 06:15:00+00:00,25722.75,25734.349609375,25722.599609375,25733.44921875,0
NIFTY,2026-02-17 06:16:00+00:00,25733.650390625,25737.5,25732.099609375,25736.94921875,0
NIFTY,2026-02-17 06:17:00+00:00,25736.80078125,25737.94921875,25730.30078125,25736.400390625,0
NIFTY,2026-02-17 06:18:00+00:00,25736.19921875,25741.650390625,25734.19921875,25737.44921875,0
NIFTY,2026-02-17 06:19:00+00:00,25737.19921875,25739.650390625,25735.0,25738.05078125,0
NIFTY,2026-02-17 06:20:00+00:00,25738.0,25738.55078125,25733.05078125,25736.150390625,0
NIFTY,2026-02-17 06:21:00+00:00,25735.25,25737.80078125,25733.599609375,25735.849609375,0
NIFTY,2026-02-17 06:22:00+00:00,25735.900390625,25741.19921875,25734.099609375,25737.69921875,0
NIFTY,2026-02-17 06:23:00+00:00,25738.0,25739.900390625,25735.30078125,25738.80078125,0
NIFTY,2026-02-17 06:24:00+00:00,25738.849609375,25741.80078125,25737.5,25741.599609375,0
NIFTY,2026-02-17 06:25:00+00:00,25741.400390625,25741.80078125,25734.349609375,25734.900390625,0
NIFTY,2026-02-17 06:26:00+00:00,25735.55078125,25739.05078125,25734.69921875,25736.19921875,0
NIFTY,2026-02-17 06:27:00+00:00,25736.94921875,25739.19921875,25729.099609375,25730.400390625,0
NIFTY,2026-02-17 06:28:00+00:00,25731.19921875,25732.30078125,25725.599609375,25730.5,0
NIFTY,2026-02-17 06:29:00+00:00,25730.150390625,25732.94921875,25726.55078125,25729.44921875,0
NIFTY,2026-02-17 06:30:00+00:00,25730.0,25734.599609375,25729.099609375,25730.30078125,0
NIFTY,2026-02-17 06:31:00+00:00,25730.5,25734.900390625,25729.69921875,25734.599609375,0
NIFTY,2026-02-17 06:32:00+00:00,25734.30078125,25737.25,25732.0,25733.599609375,0
NIFTY,2026-02-17 06:33:00+00:00,25734.0,25734.94921875,25729.349609375,25732.099609375,0
NIFTY,2026-02-17 06:34:00+00:00,25731.150390625,25731.94921875,25722.150390625,25724.0,0
NIFTY,2026-02-17 06:35:00+00:00,25723.75,25731.25,25722.55078125,25727.19921875,0
NIFTY,2026-02-17 06:36:00+00:00,25727.55078125,25730.19921875,25723.30078125,25729.69921875,0
NIFTY,2026-02-17 06:37:00+00:00,25729.69921875,25732.599609375,25725.5,25731.400390625,0
NIFTY,2026-02-17 06:38:00+00:00,25731.5,25732.69921875,25724.099609375,25726.44921875,0
NIFTY,2026-02-17 06:39:00+00:00,25725.69921875,25728.05078125,25723.099609375,25726.099609375,0
NIFTY,2026-02-17 06:40:00+00:00,25725.94921875,25731.44921875,25724.400390625,25727.849609375,0
NIFTY,2026-02-17 06:41:00+00:00,25727.69921875,25727.75,25719.349609375,25719.55078125,0
NIFTY,2026-02-17 06:42:00+00:00,25720.099609375,25725.599609375,25718.80078125,25725.599609375,0
NIFTY,2026-02-17 06:43:00+00:00,25726.44921875,25727.80078125,25723.30078125,25725.849609375,0
NIFTY,2026-02-17 06:44:00+00:00,25727.0,25727.900390625,25719.650390625,25721.69921875,0
NIFTY,2026-02-17 06:45:00+00:00,25722.55078125,25731.19921875,25721.849609375,25731.150390625,0
NIFTY,2026-02-17 06:46:00+00:00,25731.44921875,25733.55078125,25729.94921875,25732.69921875,0
NIFTY,2026-02-17 06:47:00+00:00,25733.44921875,25736.44921875,25730.400390625,25735.55078125,0
NIFTY,2026-02-17 06:48:00+00:00,25735.650390625,25740.55078125,25735.05078125,25738.94921875,0
NIFTY,2026-02-17 06:49:00+00:00,25739.150390625,25744.349609375,25738.25,25742.099609375,0
NIFTY,2026-02-17 06:50:00+00:00,25741.94921875,25745.80078125,25740.19921875,25744.19921875,0
NIFTY,2026-02-17 06:51:00+00:00,25744.0,25745.349609375,25738.150390625,25739.55078125,0
NIFTY,2026-02-17 06:52:00+00:00,25739.80078125,25741.150390625,25737.44921875,25740.150390625,0
NIFTY,2026-02-17 06:53:00+00:00,25739.650390625,25750.05078125,25738.349609375,25747.25,0
NIFTY,2026-02-17 06:54:00+00:00,25747.80078125,25751.0,25746.30078125,25747.400390625,0
NIFTY,2026-02-17 06:55:00+00:00,25747.349609375,25751.5,25747.25,25750.599609375,0
NIFTY,2026-02-17 06:56:00+00:00,25750.25,25753.55078125,25745.099609375,25745.44921875,0
NIFTY,2026-02-17 06:57:00+00:00,25745.94921875,25745.94921875,25737.650390625,25738.349609375,0
NIFTY,2026-02-17 06:58:00+00:00,25738.400390625,25738.849609375,25732.349609375,25735.5,0
NIFTY,2026-02-17 06:59:00+00:00,25735.599609375,25735.599609375,25730.44921875,25733.650390625,0
NIFTY,2026-02-17 07:00:00+00:00,25733.900390625,25740.099609375,25729.150390625,25731.55078125,0
NIFTY,2026-02-17 07:01:00+00:00,25730.30078125,25736.5,25728.099609375,25736.5,0
NIFTY,2026-02-17 07:02:00+00:00,25735.75,25739.400390625,25733.80078125,25733.80078125,0
NIFTY,2026-02-17 07:03:00+00:00,25734.55078125,25738.25,25733.55078125,25736.349609375,0
NIFTY,2026-02-17 07:04:00+00:00,25735.55078125,25737.55078125,25730.849609375,25735.69921875,0
NIFTY,2026-02-17 07:05:00+00:00,25735.5,25736.599609375,25732.599609375,25735.599609375,0
NIFTY,2026-02-17 07:06:00+00:00,25736.0,25737.55078125,25732.94921875,25733.400390625,0
NIFTY,2026-02-17 07:07:00+00:00,25732.599609375,25733.75,25727.849609375,25728.94921875,0
NIFTY,2026-02-17 07:08:00+00:00,25728.30078125,25730.349609375,25725.349609375,25729.19921875,0
NIFTY,2026-02-17 07:09:00+00:00,25728.0,25734.599609375,25727.650390625,25733.75,0
NIFTY,2026-02-17 07:10:00+00:00,25732.80078125,25738.30078125,25730.400390625,25738.19921875,0
NIFTY,2026-02-17 07:11:00+00:00,25736.94921875,25737.55078125,25728.55078125,25732.94921875,0
NIFTY,2026-02-17 07:12:00+00:00,25730.650390625,25735.099609375,25729.599609375,25734.69921875,0
NIFTY,2026-02-17 07:13:00+00:00,25733.349609375,25738.69921875,25732.5,25736.30078125,0
NIFTY,2026-02-17 07:14:00+00:00,25735.900390625,25741.25,25735.25,25738.69921875,0
NIFTY,2026-02-17 07:15:00+00:00,25738.25,25741.75,25736.25,25739.75,0
NIFTY,2026-02-17 07:16:00+00:00,25738.849609375,25741.80078125,25737.849609375,25739.94921875,0
NIFTY,2026-02-17 07:17:00+00:00,25738.94921875,25742.150390625,25736.75,25738.05078125,0
NIFTY,2026-02-17 07:18:00+00:00,25736.099609375,25740.599609375,25736.099609375,25740.599609375,0
NIFTY,2026-02-17 07:19:00+00:00,25738.69921875,25741.599609375,25737.349609375,25741.0,0
NIFTY,2026-02-17 07:20:00+00:00,25740.599609375,25742.30078125,25737.099609375,25739.599609375,0
NIFTY,2026-02-17 07:21:00+00:00,25738.650390625,25742.55078125,25738.0,25742.5,0
NIFTY,2026-02-17 07:22:00+00:00,25741.25,25749.30078125,25741.099609375,25749.19921875,0
NIFTY,2026-02-17 07:23:00+00:00,25748.05078125,25760.599609375,25748.05078125,25759.30078125,0
NIFTY,2026-02-17 07:24:00+00:00,25756.5,25759.05078125,25752.349609375,25753.94921875,0
NIFTY,2026-02-17 07:25:00+00:00,25752.55078125,25755.599609375,25751.05078125,25752.849609375,0
NIFTY,2026-02-17 07:26:00+00:00,25751.55078125,25752.099609375,25740.099609375,25741.400390625,0
NIFTY,2026-02-17 07:27:00+00:00,25739.400390625,25741.75,25733.19921875,25735.5,0
NIFTY,2026-02-17 07:28:00+00:00,25734.150390625,25738.25,25732.69921875,25738.25,0
NIFTY,2026-02-17 07:29:00+00:00,25736.650390625,25739.80078125,25732.19921875,25733.80078125,0
NIFTY,2026-02-17 07:30:00+00:00,25733.599609375,25737.5,25733.0,25734.900390625,0
NIFTY,2026-02-17 07:31:00+00:00,25734.25,25735.349609375,25728.150390625,25733.400390625,0
NIFTY,2026-02-17 07:32:00+00:00,25732.849609375,25739.650390625,25732.5,25736.69921875,0
NIFTY,2026-02-17 07:33:00+00:00,25735.849609375,25735.849609375,25729.80078125,25731.849609375,0
NIFTY,2026-02-17 07:34:00+00:00,25732.69921875,25732.900390625,25717.05078125,25717.05078125,0
NIFTY,2026-02-17 07:35:00+00:00,25716.25,25720.05078125,25713.900390625,25719.30078125,0
NIFTY,2026-02-17 07:36:00+00:00,25719.44921875,25734.150390625,25717.75,25734.150390625,0
NIFTY,2026-02-17 07:37:00+00:00,25734.400390625,25746.94921875,25734.400390625,25745.55078125,0
NIFTY,2026-02-17 07:38:00+00:00,25744.599609375,25752.900390625,25744.349609375,25751.599609375,0
NIFTY,2026-02-17 07:39:00+00:00,25751.400390625,25761.44921875,25751.400390625,25759.44921875,0
NIFTY,2026-02-17 07:40:00+00:00,25760.05078125,25763.900390625,25754.099609375,25757.75,0
NIFTY,2026-02-17 07:41:00+00:00,25757.69921875,25757.849609375,25751.25,25751.80078125,0
NIFTY,2026-02-17 07:42:00+00:00,25750.849609375,25755.349609375,25750.69921875,25753.05078125,0
NIFTY,2026-02-17 07:43:00+00:00,25751.75,25751.75,25733.650390625,25735.599609375,0
NIFTY,2026-02-17 07:44:00+00:00,25736.900390625,25737.849609375,25728.55078125,25736.349609375,0
NIFTY,2026-02-17 07:45:00+00:00,25736.25,25737.0,25728.5,25731.0,0
NIFTY,2026-02-17 07:46:00+00:00,25730.94921875,25733.150390625,25726.400390625,25733.099609375,0
NIFTY,2026-02-17 07:47:00+00:00,25732.849609375,25734.94921875,25725.75,25732.44921875,0
NIFTY,2026-02-17 07:48:00+00:00,25732.400390625,25734.80078125,25730.19921875,25732.69921875,0
NIFTY,2026-02-17 07:49:00+00:00,25732.5,25739.650390625,25732.150390625,25736.099609375,0
NIFTY,2026-02-17 07:50:00+00:00,25735.05078125,25741.05078125,25735.05078125,25740.900390625,0
NIFTY,2026-02-17 07:51:00+00:00,25740.19921875,25743.19921875,25737.5,25742.349609375,0
NIFTY,2026-02-17 07:52:00+00:00,25742.599609375,25748.0,25739.150390625,25748.0,0
NIFTY,2026-02-17 07:53:00+00:00,25747.150390625,25747.900390625,25739.900390625,25739.94921875,0
NIFTY,2026-02-17 07:54:00+00:00,25739.80078125,25743.349609375,25737.349609375,25740.400390625,0
NIFTY,2026-02-17 07:55:00+00:00,25740.19921875,25742.099609375,25735.25,25736.900390625,0
NIFTY,2026-02-17 07:56:00+00:00,25737.349609375,25740.150390625,25735.30078125,25737.400390625,0
NIFTY,2026-02-17 07:57:00+00:00,25736.55078125,25739.900390625,25735.099609375,25739.900390625,0
NIFTY,2026-02-17 07:58:00+00:00,25739.25,25741.80078125,25738.19921875,25741.5,0
NIFTY,2026-02-17 07:59:00+00:00,25740.94921875,25741.599609375,25738.150390625,25740.099609375,0
NIFTY,2026-02-17 08:00:00+00:00,25740.94921875,25747.099609375,25740.94921875,25746.05078125,0
NIFTY,2026-02-17 08:01:00+00:00,25746.80078125,25752.55078125,25746.25,25752.30078125,0
NIFTY,2026-02-17 08:02:00+00:00,25751.55078125,25756.150390625,25750.650390625,25755.75,0
NIFTY,2026-02-17 08:03:00+00:00,25755.599609375,25759.94921875,25753.900390625,25758.69921875,0
NIFTY,2026-02-17 08:04:00+00:00,25758.400390625,25758.400390625,25750.44921875,25751.80078125,0
NIFTY,2026-02-17 08:05:00+00:00,25752.900390625,25755.69921875,25748.650390625,25754.25,0
NIFTY,2026-02-17 08:06:00+00:00,25754.75,25760.55078125,25752.55078125,25758.900390625,0
NIFTY,2026-02-17 08:07:00+00:00,25758.5,25761.94921875,25754.05078125,25754.5,0
NIFTY,2026-02-17 08:08:00+00:00,25754.849609375,25754.849609375,25738.05078125,25741.150390625,0
NIFTY,2026-02-17 08:09:00+00:00,25742.150390625,25747.650390625,25738.5,25742.25,0
NIFTY,2026-02-17 08:10:00+00:00,25742.599609375,25746.44921875,25740.80078125,25744.849609375,0
NIFTY,2026-02-17 08:11:00+00:00,25745.099609375,25754.099609375,25744.25,25745.55078125,0
NIFTY,2026-02-17 08:12:00+00:00,25746.19921875,25751.55078125,25744.900390625,25750.5,0
NIFTY,2026-02-17 08:13:00+00:00,25750.75,25752.5,25748.599609375,25750.900390625,0
NIFTY,2026-02-17 08:14:00+00:00,25750.650390625,25750.94921875,25744.0,25744.69921875,0
NIFTY,2026-02-17 08:15:00+00:00,25744.80078125,25749.400390625,25744.69921875,25747.599609375,0
NIFTY,2026-02-17 08:16:00+00:00,25747.25,25749.80078125,25744.69921875,25746.19921875,0
NIFTY,2026-02-17 08:17:00+00:00,25746.849609375,25748.099609375,25731.099609375,25732.0,0
NIFTY,2026-02-17 08:18:00+00:00,25732.650390625,25740.25,25730.900390625,25738.150390625,0
NIFTY,2026-02-17 08:19:00+00:00,25737.150390625,25741.099609375,25733.25,25735.150390625,0
NIFTY,2026-02-17 08:20:00+00:00,25735.25,25735.30078125,25727.19921875,25730.599609375,0
NIFTY,2026-02-17 08:21:00+00:00,25730.05078125,25730.849609375,25726.69921875,25729.69921875,0
NIFTY,2026-02-17 08:22:00+00:00,25729.44921875,25739.099609375,25729.150390625,25734.599609375,0
NIFTY,2026-02-17 08:23:00+00:00,25734.599609375,25741.599609375,25733.0,25738.05078125,0
NIFTY,2026-02-17 08:24:00+00:00,25737.55078125,25737.55078125,25730.599609375,25731.94921875,0
NIFTY,2026-02-17 08:25:00+00:00,25731.69921875,25731.69921875,25719.849609375,25719.94921875,0
NIFTY,2026-02-17 08:26:00+00:00,25720.30078125,25720.30078125,25711.5,25712.150390625,0
NIFTY,2026-02-17 08:27:00+00:00,25711.69921875,25711.69921875,25697.75,25698.599609375,0
NIFTY,2026-02-17 08:28:00+00:00,25699.099609375,25701.80078125,25697.80078125,25700.150390625,0
NIFTY,2026-02-17 08:29:00+00:00,25700.19921875,25702.099609375,25696.75,25698.849609375,0
NIFTY,2026-02-17 08:30:00+00:00,25699.44921875,25704.900390625,25697.150390625,25704.599609375,0
NIFTY,2026-02-17 08:31:00+00:00,25707.0,25725.349609375,25703.75,25722.80078125,0
NIFTY,2026-02-17 08:32:00+00:00,25722.55078125,25725.349609375,25714.849609375,25724.30078125,0
NIFTY,2026-02-17 08:33:00+00:00,25724.94921875,25731.650390625,25723.25,25725.75,0
NIFTY,2026-02-17 08:34:00+00:00,25724.349609375,25732.80078125,25724.25,25726.099609375,0
NIFTY,2026-02-17 08:35:00+00:00,25728.0,25734.150390625,25726.55078125,25729.19921875,0
NIFTY,2026-02-17 08:36:00+00:00,25730.25,25730.25,25721.849609375,25726.30078125,0
NIFTY,2026-02-17 08:37:00+00:00,25727.25,25727.599609375,25724.30078125,25725.849609375,0
NIFTY,2026-02-17 08:38:00+00:00,25727.150390625,25732.150390625,25724.44921875,25725.80078125,0
NIFTY,2026-02-17 08:39:00+00:00,25726.30078125,25728.099609375,25710.05078125,25710.5,0
NIFTY,2026-02-17 08:40:00+00:00,25710.650390625,25710.650390625,25702.900390625,25703.75,0
NIFTY,2026-02-17 08:41:00+00:00,25703.44921875,25707.599609375,25701.44921875,25702.400390625,0
NIFTY,2026-02-17 08:42:00+00:00,25702.55078125,25703.599609375,25689.25,25690.5,0
NIFTY,2026-02-17 08:43:00+00:00,25690.849609375,25690.849609375,25667.80078125,25671.05078125,0
NIFTY,2026-02-17 08:44:00+00:00,25671.30078125,25674.650390625,25668.30078125,25670.94921875,0
NIFTY,2026-02-17 08:45:00+00:00,25670.69921875,25674.900390625,25662.599609375,25674.80078125,0
NIFTY,2026-02-17 08:46:00+00:00,25674.849609375,25703.19921875,25674.19921875,25703.19921875,0
NIFTY,2026-02-17 08:47:00+00:00,25703.349609375,25703.900390625,25688.69921875,25691.25,0
NIFTY,2026-02-17 08:48:00+00:00,25691.349609375,25699.94921875,25690.849609375,25699.94921875,0
NIFTY,2026-02-17 08:49:00+00:00,25699.30078125,25702.69921875,25695.05078125,25697.19921875,0
NIFTY,2026-02-17 08:50:00+00:00,25696.849609375,25699.650390625,25695.75,25699.400390625,0
NIFTY,2026-02-17 08:51:00+00:00,25700.5,25705.80078125,25699.0,25704.349609375,0
NIFTY,2026-02-17 08:52:00+00:00,25703.900390625,25705.150390625,25698.849609375,25701.150390625,0
NIFTY,2026-02-17 08:53:00+00:00,25701.05078125,25702.80078125,25693.19921875,25699.599609375,0
NIFTY,2026-02-17 08:54:00+00:00,25700.0,25700.099609375,25695.349609375,25698.19921875,0
NIFTY,2026-02-17 08:55:00+00:00,25698.25,25699.349609375,25694.849609375,25696.349609375,0
NIFTY,2026-02-17 08:56:00+00:00,25696.55078125,25699.80078125,25692.30078125,25699.150390625,0
NIFTY,2026-02-17 08:57:00+00:00,25699.150390625,25705.30078125,25695.849609375,25696.599609375,0
NIFTY,2026-02-17 08:58:00+00:00,25695.900390625,25698.599609375,25684.150390625,25684.150390625,0
NIFTY,2026-02-17 08:59:00+00:00,25685.150390625,25689.19921875,25683.05078125,25683.349609375,0
NIFTY,2026-02-17 09:00:00+00:00,25686.099609375,25686.900390625,25680.80078125,25685.05078125,0
NIFTY,2026-02-17 09:01:00+00:00,25685.80078125,25686.0,25677.099609375,25677.69921875,0
NIFTY,2026-02-17 09:02:00+00:00,25677.05078125,25687.900390625,25675.5,25685.69921875,0
NIFTY,2026-02-17 09:03:00+00:00,25686.55078125,25693.900390625,25682.19921875,25692.55078125,0
NIFTY,2026-02-17 09:04:00+00:00,25692.400390625,25697.099609375,25688.75,25696.05078125,0
NIFTY,2026-02-17 09:05:00+00:00,25695.69921875,25697.349609375,25691.849609375,25695.0,0
NIFTY,2026-02-17 09:06:00+00:00,25695.099609375,25701.30078125,25691.94921875,25701.30078125,0
NIFTY,2026-02-17 09:07:00+00:00,25701.599609375,25707.900390625,25699.69921875,25704.900390625,0
NIFTY,2026-02-17 09:08:00+00:00,25704.94921875,25716.150390625,25704.94921875,25715.349609375,0
NIFTY,2026-02-17 09:09:00+00:00,25715.349609375,25726.349609375,25715.349609375,25724.25,0
NIFTY,2026-02-17 09:10:00+00:00,25723.19921875,25733.44921875,25720.80078125,25728.0,0
NIFTY,2026-02-17 09:11:00+00:00,25730.25,25730.25,25714.75,25724.150390625,0
NIFTY,2026-02-17 09:12:00+00:00,25724.099609375,25729.650390625,25723.69921875,25729.30078125,0
NIFTY,2026-02-17 09:13:00+00:00,25728.900390625,25733.19921875,25724.05078125,25725.150390625,0
NIFTY,2026-02-17 09:14:00+00:00,25725.05078125,25725.05078125,25716.55078125,25717.30078125,0
NIFTY,2026-02-17 09:15:00+00:00,25717.30078125,25719.849609375,25710.25,25712.900390625,0
NIFTY,2026-02-17 09:16:00+00:00,25713.5,25715.05078125,25710.19921875,25712.849609375,0
NIFTY,2026-02-17 09:17:00+00:00,25713.55078125,25714.69921875,25711.0,25713.400390625,0
NIFTY,2026-02-17 09:18:00+00:00,25713.55078125,25714.0,25704.80078125,25709.400390625,0
NIFTY,2026-02-17 09:19:00+00:00,25709.0,25712.099609375,25706.150390625,25708.94921875,0
NIFTY,2026-02-17 09:20:00+00:00,25709.849609375,25712.19921875,25703.900390625,25708.05078125,0
NIFTY,2026-02-17 09:21:00+00:00,25708.44921875,25711.94921875,25705.650390625,25711.44921875,0
NIFTY,2026-02-17 09:22:00+00:00,25712.05078125,25714.599609375,25709.69921875,25713.0,0
NIFTY,2026-02-17 09:23:00+00:00,25712.650390625,25712.650390625,25705.69921875,25711.5,0
NIFTY,2026-02-17 09:24:00+00:00,25711.80078125,25718.650390625,25710.69921875,25717.150390625,0
NIFTY,2026-02-17 09:25:00+00:00,25717.849609375,25721.0,25710.94921875,25710.94921875,0
NIFTY,2026-02-17 09:26:00+00:00,25711.30078125,25711.30078125,25691.150390625,25693.25,0
NIFTY,2026-02-17 09:27:00+00:00,25693.0,25701.599609375,25693.0,25699.44921875,0
NIFTY,2026-02-17 09:28:00+00:00,25698.75,25710.44921875,25698.75,25709.05078125,0
NIFTY,2026-02-17 09:29:00+00:00,25709.400390625,25713.5,25707.900390625,25711.900390625,0
NIFTY,2026-02-17 09:30:00+00:00,25713.099609375,25732.94921875,25713.099609375,25730.69921875,0
NIFTY,2026-02-17 09:31:00+00:00,25731.400390625,25746.30078125,25727.5,25741.099609375,0
NIFTY,2026-02-17 09:32:00+00:00,25742.69921875,25745.44921875,25723.44921875,25723.75,0
NIFTY,2026-02-17 09:33:00+00:00,25725.30078125,25726.19921875,25716.849609375,25717.599609375,0
NIFTY,2026-02-17 09:34:00+00:00,25719.69921875,25720.25,25709.75,25709.75,0
NIFTY,2026-02-17 09:35:00+00:00,25711.05078125,25717.75,25703.0,25717.25,0
NIFTY,2026-02-17 09:36:00+00:00,25718.650390625,25731.099609375,25716.0,25730.25,0
NIFTY,2026-02-17 09:37:00+00:00,25731.150390625,25737.05078125,25728.849609375,25732.849609375,0
NIFTY,2026-02-17 09:38:00+00:00,25735.75,25738.400390625,25727.30078125,25732.900390625,0
NIFTY,2026-02-17 09:39:00+00:00,25731.099609375,25743.75,25729.05078125,25741.849609375,0
NIFTY,2026-02-17 09:40:00+00:00,25743.900390625,25744.349609375,25718.099609375,25718.099609375,0
NIFTY,2026-02-17 09:41:00+00:00,25719.80078125,25723.650390625,25713.80078125,25719.05078125,0
NIFTY,2026-02-17 09:42:00+00:00,25720.099609375,25726.0,25718.0,25724.69921875,0
NIFTY,2026-02-17 09:43:00+00:00,25724.849609375,25728.44921875,25722.150390625,25725.099609375,0
NIFTY,2026-02-17 09:44:00+00:00,25724.599609375,25726.0,25721.69921875,25724.849609375,0
NIFTY,2026-02-17 09:45:00+00:00,25725.44921875,25725.849609375,25722.44921875,25724.849609375,0
NIFTY,2026-02-17 09:46:00+00:00,25724.19921875,25727.25,25722.25,25727.25,0
NIFTY,2026-02-17 09:47:00+00:00,25726.80078125,25729.150390625,25724.44921875,25726.5,0
NIFTY,2026-02-17 09:48:00+00:00,25728.19921875,25728.19921875,25717.05078125,25718.5,0
NIFTY,2026-02-17 09:49:00+00:00,25722.44921875,25722.44921875,25714.849609375,25720.349609375,0
NIFTY,2026-02-17 09:50:00+00:00,25720.5,25730.55078125,25718.05078125,25728.650390625,0
NIFTY,2026-02-17 09:51:00+00:00,25728.05078125,25731.849609375,25725.80078125,25730.400390625,0
NIFTY,2026-02-17 09:52:00+00:00,25729.80078125,25731.650390625,25724.650390625,25728.25,0
NIFTY,2026-02-17 09:53:00+00:00,25728.55078125,25729.25,25725.55078125,25726.94921875,0
NIFTY,2026-02-17 09:54:00+00:00,25727.69921875,25727.69921875,25720.900390625,25724.55078125,0
NIFTY,2026-02-17 09:55:00+00:00,25725.0,25728.099609375,25719.94921875,25724.650390625,0
NIFTY,2026-02-17 09:56:00+00:00,25723.599609375,25724.94921875,25720.099609375,25721.44921875,0
NIFTY,2026-02-17 09:57:00+00:00,25723.05078125,25725.25,25719.400390625,25720.69921875,0
NIFTY,2026-02-17 09:58:00+00:00,25722.400390625,25724.55078125,25719.25,25720.849609375,0
NIFTY,2026-02-17 09:59:00+00:00,25720.05078125,25722.900390625,25713.80078125,25716.0,0
NIFTY,2026-02-18 03:45:00+00:00,25754.650390625,25754.650390625,25711.099609375,25713.599609375,0
NIFTY,2026-02-18 03:46:00+00:00,25711.099609375,25722.400390625,25706.849609375,25717.0,0
NIFTY,2026-02-18 03:47:00+00:00,25720.099609375,25731.0,25718.400390625,25731.0,0
NIFTY,2026-02-18 03:48:00+00:00,25733.25,25733.5,25722.69921875,25730.599609375,0
NIFTY,2026-02-18 03:49:00+00:00,25731.25,25747.55078125,25731.19921875,25742.05078125,0
NIFTY,2026-02-18 03:50:00+00:00,25742.0,25742.0,25723.75,25725.900390625,0
NIFTY,2026-02-18 03:51:00+00:00,25725.69921875,25728.19921875,25713.0,25723.30078125,0
NIFTY,2026-02-18 03:52:00+00:00,25722.5,25726.75,25716.099609375,25719.75,0
NIFTY,2026-02-18 03:53:00+00:00,25721.05078125,25727.55078125,25709.5,25711.5,0
NIFTY,2026-02-18 03:54:00+00:00,25713.650390625,25717.650390625,25704.5,25704.5,0
NIFTY,2026-02-18 03:55:00+00:00,25705.400390625,25723.650390625,25699.150390625,25721.44921875,0
NIFTY,2026-02-18 03:56:00+00:00,25723.5,25724.30078125,25717.349609375,25722.650390625,0
NIFTY,2026-02-18 03:57:00+00:00,25724.80078125,25738.19921875,25722.94921875,25735.849609375,0
NIFTY,2026-02-18 03:58:00+00:00,25735.80078125,25737.55078125,25721.849609375,25722.150390625,0
NIFTY,2026-02-18 03:59:00+00:00,25722.75,25730.5,25721.25,25728.5,0
NIFTY,2026-02-18 04:00:00+00:00,25730.25,25732.650390625,25721.75,25723.650390625,0
NIFTY,2026-02-18 04:01:00+00:00,25726.150390625,25726.900390625,25711.94921875,25711.94921875,0
NIFTY,2026-02-18 04:02:00+00:00,25713.25,25727.25,25712.650390625,25718.75,0
NIFTY,2026-02-18 04:03:00+00:00,25719.69921875,25736.44921875,25719.69921875,25730.0,0
NIFTY,2026-02-18 04:04:00+00:00,25731.150390625,25732.5,25724.099609375,25731.44921875,0
NIFTY,2026-02-18 04:05:00+00:00,25731.80078125,25735.94921875,25725.849609375,25733.5,0
NIFTY,2026-02-18 04:06:00+00:00,25733.349609375,25741.099609375,25729.400390625,25739.349609375,0
NIFTY,2026-02-18 04:07:00+00:00,25741.19921875,25743.94921875,25737.349609375,25741.69921875,0
NIFTY,2026-02-18 04:08:00+00:00,25741.349609375,25743.400390625,25737.099609375,25741.55078125,0
NIFTY,2026-02-18 04:09:00+00:00,25742.349609375,25745.400390625,25737.150390625,25737.150390625,0
NIFTY,2026-02-18 04:10:00+00:00,25738.599609375,25743.69921875,25733.599609375,25738.099609375,0
NIFTY,2026-02-18 04:11:00+00:00,25740.30078125,25745.44921875,25737.599609375,25741.849609375,0
NIFTY,2026-02-18 04:12:00+00:00,25744.400390625,25745.25,25733.150390625,25733.80078125,0
NIFTY,2026-02-18 04:13:00+00:00,25736.599609375,25740.55078125,25732.44921875,25740.05078125,0
NIFTY,2026-02-18 04:14:00+00:00,25739.349609375,25746.650390625,25736.30078125,25741.849609375,0
NIFTY,2026-02-18 04:15:00+00:00,25741.849609375,25744.44921875,25732.599609375,25734.599609375,0
NIFTY,2026-02-18 04:16:00+00:00,25735.400390625,25736.349609375,25729.55078125,25730.150390625,0
NIFTY,2026-02-18 04:17:00+00:00,25731.400390625,25731.400390625,25715.94921875,25718.44921875,0
NIFTY,2026-02-18 04:18:00+00:00,25720.55078125,25724.599609375,25714.05078125,25721.25,0
NIFTY,2026-02-18 04:19:00+00:00,25723.80078125,25725.44921875,25718.150390625,25720.44921875,0
NIFTY,2026-02-18 04:20:00+00:00,25722.099609375,25722.099609375,25714.80078125,25716.80078125,0
NIFTY,2026-02-18 04:21:00+00:00,25719.099609375,25724.19921875,25715.55078125,25717.0,0
NIFTY,2026-02-18 04:22:00+00:00,25720.25,25720.25,25713.349609375,25713.349609375,0
NIFTY,2026-02-18 04:23:00+00:00,25714.94921875,25714.94921875,25705.19921875,25711.69921875,0
NIFTY,2026-02-18 04:24:00+00:00,25713.900390625,25714.099609375,25699.349609375,25702.349609375,0
NIFTY,2026-02-18 04:25:00+00:00,25701.849609375,25702.0,25679.05078125,25679.900390625,0
NIFTY,2026-02-18 04:26:00+00:00,25680.30078125,25681.80078125,25673.0,25677.80078125,0
NIFTY,2026-02-18 04:27:00+00:00,25678.0,25678.0,25665.19921875,25668.44921875,0
NIFTY,2026-02-18 04:28:00+00:00,25670.349609375,25673.650390625,25665.19921875,25665.69921875,0
NIFTY,2026-02-18 04:29:00+00:00,25668.55078125,25668.55078125,25656.5,25665.44921875,0
NIFTY,2026-02-18 04:30:00+00:00,25666.599609375,25666.849609375,25652.44921875,25656.849609375,0
NIFTY,2026-02-18 04:31:00+00:00,25659.05078125,25664.55078125,25651.05078125,25660.75,0
NIFTY,2026-02-18 04:32:00+00:00,25661.849609375,25661.849609375,25655.349609375,25657.650390625,0
NIFTY,2026-02-18 04:33:00+00:00,25658.05078125,25661.5,25656.400390625,25661.05078125,0
NIFTY,2026-02-18 04:34:00+00:00,25661.650390625,25669.150390625,25659.650390625,25666.44921875,0
NIFTY,2026-02-18 04:35:00+00:00,25668.30078125,25674.150390625,25666.849609375,25669.80078125,0
NIFTY,2026-02-18 04:36:00+00:00,25670.650390625,25674.849609375,25669.69921875,25671.0,0
NIFTY,2026-02-18 04:37:00+00:00,25672.5,25673.349609375,25658.55078125,25659.30078125,0
NIFTY,2026-02-18 04:38:00+00:00,25658.80078125,25665.25,25652.30078125,25664.349609375,0
NIFTY,2026-02-18 04:39:00+00:00,25664.80078125,25669.599609375,25663.80078125,25665.44921875,0
NIFTY,2026-02-18 04:40:00+00:00,25666.80078125,25666.80078125,25658.5,25661.94921875,0
NIFTY,2026-02-18 04:41:00+00:00,25663.150390625,25672.650390625,25660.150390625,25671.099609375,0
NIFTY,2026-02-18 04:42:00+00:00,25671.75,25674.55078125,25667.349609375,25672.349609375,0
NIFTY,2026-02-18 04:43:00+00:00,25673.099609375,25673.400390625,25665.0,25668.0,0
NIFTY,2026-02-18 04:44:00+00:00,25669.55078125,25670.849609375,25661.94921875,25661.94921875,0
NIFTY,2026-02-18 04:45:00+00:00,25663.849609375,25668.05078125,25661.400390625,25663.099609375,0
NIFTY,2026-02-18 04:46:00+00:00,25665.349609375,25665.349609375,25655.80078125,25657.349609375,0
NIFTY,2026-02-18 04:47:00+00:00,25658.55078125,25658.55078125,25645.900390625,25650.5,0
NIFTY,2026-02-18 04:48:00+00:00,25653.30078125,25671.75,25651.44921875,25670.849609375,0
NIFTY,2026-02-18 04:49:00+00:00,25672.650390625,25675.0,25670.849609375,25671.349609375,0
NIFTY,2026-02-18 04:50:00+00:00,25672.650390625,25674.05078125,25664.55078125,25664.55078125,0
NIFTY,2026-02-18 04:51:00+00:00,25665.400390625,25667.900390625,25662.69921875,25664.05078125,0
NIFTY,2026-02-18 04:52:00+00:00,25666.19921875,25668.69921875,25659.849609375,25665.25,0
NIFTY,2026-02-18 04:53:00+00:00,25668.44921875,25670.05078125,25664.55078125,25665.349609375,0
NIFTY,2026-02-18 04:54:00+00:00,25666.0,25675.599609375,25664.599609375,25670.30078125,0
NIFTY,2026-02-18 04:55:00+00:00,25670.94921875,25671.05078125,25663.900390625,25664.400390625,0
NIFTY,2026-02-18 04:56:00+00:00,25664.69921875,25664.80078125,25652.099609375,25657.25,0
NIFTY,2026-02-18 04:57:00+00:00,25657.55078125,25658.80078125,25652.05078125,25652.75,0
NIFTY,2026-02-18 04:58:00+00:00,25654.25,25654.30078125,25646.05078125,25654.19921875,0
NIFTY,2026-02-18 04:59:00+00:00,25654.19921875,25667.099609375,25653.30078125,25665.349609375,0
NIFTY,2026-02-18 05:00:00+00:00,25666.19921875,25666.94921875,25660.0,25662.19921875,0
NIFTY,2026-02-18 05:01:00+00:00,25662.400390625,25669.75,25659.349609375,25665.5,0
NIFTY,2026-02-18 05:02:00+00:00,25668.599609375,25669.150390625,25663.94921875,25665.80078125,0
NIFTY,2026-02-18 05:03:00+00:00,25666.650390625,25673.849609375,25665.099609375,25673.849609375,0
NIFTY,2026-02-18 05:04:00+00:00,25673.349609375,25675.099609375,25671.099609375,25673.0,0
NIFTY,2026-02-18 05:05:00+00:00,25673.349609375,25678.400390625,25671.0,25677.80078125,0
NIFTY,2026-02-18 05:06:00+00:00,25678.150390625,25678.150390625,25675.5,25678.0,0
NIFTY,2026-02-18 05:07:00+00:00,25677.849609375,25684.69921875,25675.349609375,25676.900390625,0
NIFTY,2026-02-18 05:08:00+00:00,25677.5,25677.75,25664.5,25666.19921875,0
NIFTY,2026-02-18 05:09:00+00:00,25666.55078125,25670.099609375,25660.75,25660.75,0
NIFTY,2026-02-18 05:10:00+00:00,25662.80078125,25664.19921875,25656.099609375,25660.099609375,0
NIFTY,2026-02-18 05:11:00+00:00,25659.69921875,25659.94921875,25654.69921875,25659.55078125,0
NIFTY,2026-02-18 05:12:00+00:00,25661.099609375,25667.44921875,25661.099609375,25665.849609375,0
NIFTY,2026-02-18 05:13:00+00:00,25666.849609375,25667.150390625,25662.849609375,25663.55078125,0
NIFTY,2026-02-18 05:14:00+00:00,25664.69921875,25664.900390625,25660.75,25660.75,0
NIFTY,2026-02-18 05:15:00+00:00,25661.900390625,25666.900390625,25658.849609375,25664.0,0
NIFTY,2026-02-18 05:16:00+00:00,25664.099609375,25670.349609375,25663.400390625,25670.30078125,0
NIFTY,2026-02-18 05:17:00+00:00,25670.69921875,25679.75,25670.44921875,25679.55078125,0
NIFTY,2026-02-18 05:18:00+00:00,25679.44921875,25682.0,25676.099609375,25680.0,0
NIFTY,2026-02-18 05:19:00+00:00,25680.25,25683.599609375,25678.5,25681.849609375,0
NIFTY,2026-02-18 05:20:00+00:00,25681.55078125,25685.099609375,25680.150390625,25683.400390625,0
NIFTY,2026-02-18 05:21:00+00:00,25683.599609375,25684.150390625,25678.599609375,25682.25,0
NIFTY,2026-02-18 05:22:00+00:00,25682.30078125,25686.75,25680.69921875,25685.80078125,0
NIFTY,2026-02-18 05:23:00+00:00,25685.849609375,25693.849609375,25685.0,25693.599609375,0
NIFTY,2026-02-18 05:24:00+00:00,25694.25,25696.80078125,25688.5,25691.650390625,0
NIFTY,2026-02-18 05:25:00+00:00,25692.19921875,25693.44921875,25688.05078125,25691.25,0
NIFTY,2026-02-18 05:26:00+00:00,25692.44921875,25696.849609375,25691.5,25693.900390625,0
NIFTY,2026-02-18 05:27:00+00:00,25695.099609375,25699.25,25692.55078125,25698.5,0
NIFTY,2026-02-18 05:28:00+00:00,25698.900390625,25704.80078125,25696.849609375,25703.900390625,0
NIFTY,2026-02-18 05:29:00+00:00,25704.30078125,25708.0,25702.44921875,25703.19921875,0
NIFTY,2026-02-18 05:30:00+00:00,25706.0,25709.0,25702.80078125,25707.849609375,0
NIFTY,2026-02-18 05:31:00+00:00,25708.25,25708.44921875,25701.5,25701.849609375,0
NIFTY,2026-02-18 05:32:00+00:00,25703.19921875,25708.19921875,25700.900390625,25705.900390625,0
NIFTY,2026-02-18 05:33:00+00:00,25705.80078125,25706.349609375,25698.650390625,25700.80078125,0
NIFTY,2026-02-18 05:34:00+00:00,25700.5,25707.80078125,25699.94921875,25706.150390625,0
NIFTY,2026-02-18 05:35:00+00:00,25706.0,25706.650390625,25698.19921875,25699.94921875,0
NIFTY,2026-02-18 05:36:00+00:00,25700.55078125,25702.349609375,25697.44921875,25699.150390625,0
NIFTY,2026-02-18 05:37:00+00:00,25701.650390625,25704.650390625,25697.19921875,25702.150390625,0
NIFTY,2026-02-18 05:38:00+00:00,25703.30078125,25704.75,25699.25,25703.150390625,0
NIFTY,2026-02-18 05:39:00+00:00,25704.400390625,25705.75,25701.44921875,25703.849609375,0
NIFTY,2026-02-18 05:40:00+00:00,25703.94921875,25705.849609375,25701.75,25704.900390625,0
NIFTY,2026-02-18 05:41:00+00:00,25705.599609375,25705.599609375,25700.099609375,25701.599609375,0
NIFTY,2026-02-18 05:42:00+00:00,25702.0,25702.099609375,25691.150390625,25693.0,0
NIFTY,2026-02-18 05:43:00+00:00,25693.19921875,25697.099609375,25689.30078125,25694.599609375,0
NIFTY,2026-02-18 05:44:00+00:00,25694.55078125,25702.69921875,25694.05078125,25700.05078125,0
NIFTY,2026-02-18 05:45:00+00:00,25700.69921875,25701.80078125,25693.44921875,25696.400390625,0
NIFTY,2026-02-18 05:46:00+00:00,25697.900390625,25698.150390625,25692.400390625,25693.25,0
NIFTY,2026-02-18 05:47:00+00:00,25693.75,25693.94921875,25684.900390625,25686.44921875,0
NIFTY,2026-02-18 05:48:00+00:00,25686.69921875,25693.44921875,25686.55078125,25686.599609375,0
NIFTY,2026-02-18 05:49:00+00:00,25688.25,25689.900390625,25683.5,25686.55078125,0
NIFTY,2026-02-18 05:50:00+00:00,25688.44921875,25693.400390625,25686.44921875,25693.400390625,0
NIFTY,2026-02-18 05:51:00+00:00,25693.25,25694.0,25688.94921875,25691.69921875,0
NIFTY,2026-02-18 05:52:00+00:00,25692.55078125,25696.05078125,25691.30078125,25695.19921875,0
NIFTY,2026-02-18 05:53:00+00:00,25695.75,25697.69921875,25692.75,25694.349609375,0
NIFTY,2026-02-18 05:54:00+00:00,25695.19921875,25695.19921875,25685.80078125,25688.0,0
NIFTY,2026-02-18 05:55:00+00:00,25687.69921875,25690.19921875,25683.94921875,25684.150390625,0
NIFTY,2026-02-18 05:56:00+00:00,25685.349609375,25692.5,25679.94921875,25690.55078125,0
NIFTY,2026-02-18 05:57:00+00:00,25690.80078125,25692.900390625,25686.349609375,25691.19921875,0
NIFTY,2026-02-18 05:58:00+00:00,25691.150390625,25694.94921875,25690.19921875,25694.05078125,0
NIFTY,2026-02-18 05:59:00+00:00,25694.099609375,25697.55078125,25690.150390625,25693.55078125,0
NIFTY,2026-02-18 06:00:00+00:00,25694.900390625,25697.69921875,25687.599609375,25691.650390625,0
NIFTY,2026-02-18 06:01:00+00:00,25691.599609375,25697.849609375,25691.150390625,25693.349609375,0
NIFTY,2026-02-18 06:02:00+00:00,25692.69921875,25700.349609375,25692.05078125,25695.30078125,0
NIFTY,2026-02-18 06:03:00+00:00,25695.599609375,25701.349609375,25694.30078125,25701.349609375,0
NIFTY,2026-02-18 06:04:00+00:00,25702.44921875,25716.55078125,25701.30078125,25713.650390625,0
NIFTY,2026-02-18 06:05:00+00:00,25711.599609375,25716.400390625,25708.349609375,25712.349609375,0
NIFTY,2026-02-18 06:06:00+00:00,25711.44921875,25713.0,25704.69921875,25705.94921875,0
NIFTY,2026-02-18 06:07:00+00:00,25704.55078125,25706.05078125,25699.80078125,25701.400390625,0
NIFTY,2026-02-18 06:08:00+00:00,25701.75,25705.55078125,25698.400390625,25699.349609375,0
NIFTY,2026-02-18 06:09:00+00:00,25698.75,25700.599609375,25695.650390625,25698.900390625,0
NIFTY,2026-02-18 06:10:00+00:00,25698.44921875,25701.349609375,25695.400390625,25695.44921875,0
NIFTY,2026-02-18 06:11:00+00:00,25696.650390625,25697.75,25687.849609375,25688.599609375,0
NIFTY,2026-02-18 06:12:00+00:00,25688.650390625,25688.650390625,25680.599609375,25681.44921875,0
NIFTY,2026-02-18 06:13:00+00:00,25681.30078125,25684.900390625,25676.55078125,25681.849609375,0
NIFTY,2026-02-18 06:14:00+00:00,25682.349609375,25690.05078125,25680.30078125,25686.900390625,0
NIFTY,2026-02-18 06:15:00+00:00,25687.5,25690.55078125,25684.099609375,25684.650390625,0
NIFTY,2026-02-18 06:16:00+00:00,25685.75,25687.80078125,25683.150390625,25687.80078125,0
NIFTY,2026-02-18 06:17:00+00:00,25686.19921875,25689.69921875,25684.599609375,25687.900390625,0
NIFTY,2026-02-18 06:18:00+00:00,25688.25,25688.55078125,25682.650390625,25684.44921875,0
NIFTY,2026-02-18 06:19:00+00:00,25684.849609375,25689.44921875,25683.44921875,25688.650390625,0
NIFTY,2026-02-18 06:20:00+00:00,25688.19921875,25695.599609375,25688.19921875,25695.599609375,0
NIFTY,2026-02-18 06:21:00+00:00,25695.0,25695.44921875,25688.900390625,25691.099609375,0
NIFTY,2026-02-18 06:22:00+00:00,25691.44921875,25692.5,25687.400390625,25690.150390625,0
NIFTY,2026-02-18 06:23:00+00:00,25689.05078125,25691.44921875,25687.80078125,25689.30078125,0
NIFTY,2026-02-18 06:24:00+00:00,25689.400390625,25695.69921875,25688.25,25695.55078125,0
NIFTY,2026-02-18 06:25:00+00:00,25695.5,25697.650390625,25689.94921875,25695.44921875,0
NIFTY,2026-02-18 06:26:00+00:00,25696.5,25696.94921875,25691.55078125,25695.900390625,0
NIFTY,2026-02-18 06:27:00+00:00,25697.400390625,25697.849609375,25693.44921875,25695.75,0
NIFTY,2026-02-18 06:28:00+00:00,25696.05078125,25699.94921875,25693.30078125,25693.75,0
NIFTY,2026-02-18 06:29:00+00:00,25694.25,25701.900390625,25694.25,25701.05078125,0
NIFTY,2026-02-18 06:30:00+00:00,25702.400390625,25704.0,25697.150390625,25703.0,0
NIFTY,2026-02-18 06:31:00+00:00,25703.650390625,25710.650390625,25703.25,25710.5,0
NIFTY,2026-02-18 06:32:00+00:00,25710.69921875,25711.599609375,25706.400390625,25707.349609375,0
NIFTY,2026-02-18 06:33:00+00:00,25708.0,25709.19921875,25702.650390625,25706.75,0
NIFTY,2026-02-18 06:34:00+00:00,25706.150390625,25709.44921875,25704.400390625,25704.5,0
NIFTY,2026-02-18 06:35:00+00:00,25705.44921875,25707.900390625,25704.30078125,25706.44921875,0
NIFTY,2026-02-18 06:36:00+00:00,25706.5,25709.94921875,25705.94921875,25709.30078125,0
NIFTY,2026-02-18 06:37:00+00:00,25708.75,25712.55078125,25708.099609375,25712.55078125,0
NIFTY,2026-02-18 06:38:00+00:00,25712.0,25718.400390625,25712.0,25713.900390625,0
NIFTY,2026-02-18 06:39:00+00:00,25713.75,25716.150390625,25712.650390625,25713.25,0
NIFTY,2026-02-18 06:40:00+00:00,25712.44921875,25716.650390625,25712.05078125,25714.099609375,0
NIFTY,2026-02-18 06:41:00+00:00,25714.19921875,25716.5,25710.349609375,25713.25,0
NIFTY,2026-02-18 06:42:00+00:00,25713.30078125,25717.400390625,25709.650390625,25709.650390625,0
NIFTY,2026-02-18 06:43:00+00:00,25711.900390625,25714.75,25708.69921875,25713.19921875,0
NIFTY,2026-02-18 06:44:00+00:00,25712.75,25714.099609375,25709.349609375,25709.849609375,0
NIFTY,2026-02-18 06:45:00+00:00,25710.5,25716.25,25710.5,25714.400390625,0
NIFTY,2026-02-18 06:46:00+00:00,25715.30078125,25721.55078125,25714.5,25718.94921875,0
NIFTY,2026-02-18 06:47:00+00:00,25718.400390625,25720.05078125,25713.75,25715.44921875,0
NIFTY,2026-02-18 06:48:00+00:00,25714.94921875,25718.75,25714.099609375,25715.0,0
NIFTY,2026-02-18 06:49:00+00:00,25714.5,25717.94921875,25712.69921875,25713.099609375,0
NIFTY,2026-02-18 06:50:00+00:00,25714.099609375,25715.599609375,25711.94921875,25713.849609375,0
NIFTY,2026-02-18 06:51:00+00:00,25714.400390625,25720.05078125,25712.849609375,25719.19921875,0
NIFTY,2026-02-18 06:52:00+00:00,25718.94921875,25720.80078125,25715.150390625,25717.19921875,0
NIFTY,2026-02-18 06:53:00+00:00,25716.849609375,25720.150390625,25714.05078125,25719.900390625,0
NIFTY,2026-02-18 06:54:00+00:00,25720.75,25723.0,25719.30078125,25720.30078125,0
NIFTY,2026-02-18 06:55:00+00:00,25720.400390625,25722.94921875,25710.44921875,25711.69921875,0
NIFTY,2026-02-18 06:56:00+00:00,25711.80078125,25711.80078125,25704.099609375,25705.69921875,0
NIFTY,2026-02-18 06:57:00+00:00,25707.150390625,25710.0,25703.650390625,25706.400390625,0
NIFTY,2026-02-18 06:58:00+00:00,25709.599609375,25716.25,25707.0,25716.19921875,0
NIFTY,2026-02-18 06:59:00+00:00,25717.25,25719.05078125,25711.75,25711.75,0
NIFTY,2026-02-18 07:00:00+00:00,25713.900390625,25718.650390625,25709.900390625,25718.099609375,0
NIFTY,2026-02-18 07:01:00+00:00,25719.349609375,25721.400390625,25716.05078125,25720.099609375,0
NIFTY,2026-02-18 07:02:00+00:00,25719.75,25725.55078125,25718.349609375,25720.650390625,0
NIFTY,2026-02-18 07:03:00+00:00,25723.0,25726.19921875,25720.25,25722.44921875,0
NIFTY,2026-02-18 07:04:00+00:00,25721.44921875,25725.75,25721.099609375,25722.69921875,0
NIFTY,2026-02-18 07:05:00+00:00,25722.44921875,25729.94921875,25722.44921875,25725.650390625,0
NIFTY,2026-02-18 07:06:00+00:00,25725.55078125,25729.69921875,25723.150390625,25724.80078125,0
NIFTY,2026-02-18 07:07:00+00:00,25726.55078125,25732.44921875,25723.5,25729.44921875,0
NIFTY,2026-02-18 07:08:00+00:00,25731.55078125,25733.349609375,25726.94921875,25732.150390625,0
NIFTY,2026-02-18 07:09:00+00:00,25732.44921875,25734.400390625,25728.849609375,25732.25,0
NIFTY,2026-02-18 07:10:00+00:00,25732.0,25732.349609375,25722.400390625,25722.400390625,0
NIFTY,2026-02-18 07:11:00+00:00,25724.30078125,25724.349609375,25718.69921875,25720.099609375,0
NIFTY,2026-02-18 07:12:00+00:00,25719.400390625,25725.849609375,25718.05078125,25725.849609375,0
NIFTY,2026-02-18 07:13:00+00:00,25725.0,25728.650390625,25721.349609375,25726.400390625,0
NIFTY,2026-02-18 07:14:00+00:00,25725.599609375,25727.900390625,25722.30078125,25726.349609375,0
NIFTY,2026-02-18 07:15:00+00:00,25725.099609375,25729.55078125,25720.75,25724.75,0
NIFTY,2026-02-18 07:16:00+00:00,25724.19921875,25727.849609375,25723.44921875,25727.0,0
NIFTY,2026-02-18 07:17:00+00:00,25726.80078125,25728.349609375,25723.849609375,25726.69921875,0
NIFTY,2026-02-18 07:18:00+00:00,25726.5,25728.0,25722.55078125,25722.80078125,0
NIFTY,2026-02-18 07:19:00+00:00,25723.0,25724.19921875,25713.69921875,25713.94921875,0
NIFTY,2026-02-18 07:20:00+00:00,25715.19921875,25716.05078125,25711.900390625,25714.80078125,0
NIFTY,2026-02-18 07:21:00+00:00,25715.30078125,25717.75,25712.05078125,25712.44921875,0
NIFTY,2026-02-18 07:22:00+00:00,25713.099609375,25717.400390625,25711.94921875,25717.30078125,0
NIFTY,2026-02-18 07:23:00+00:00,25717.30078125,25726.19921875,25716.80078125,25726.05078125,0
NIFTY,2026-02-18 07:24:00+00:00,25725.55078125,25728.5,25725.400390625,25726.80078125,0
NIFTY,2026-02-18 07:25:00+00:00,25726.55078125,25727.55078125,25722.69921875,25722.849609375,0
NIFTY,2026-02-18 07:26:00+00:00,25723.94921875,25724.94921875,25719.55078125,25724.75,0
NIFTY,2026-02-18 07:27:00+00:00,25724.30078125,25730.0,25724.30078125,25727.650390625,0
NIFTY,2026-02-18 07:28:00+00:00,25727.44921875,25733.150390625,25725.44921875,25732.0,0
NIFTY,2026-02-18 07:29:00+00:00,25732.19921875,25733.900390625,25729.05078125,25731.849609375,0
NIFTY,2026-02-18 07:30:00+00:00,25732.19921875,25736.099609375,25730.44921875,25735.900390625,0
NIFTY,2026-02-18 07:31:00+00:00,25736.599609375,25742.05078125,25735.94921875,25740.19921875,0
NIFTY,2026-02-18 07:32:00+00:00,25739.599609375,25741.30078125,25728.75,25729.0,0
NIFTY,2026-02-18 07:33:00+00:00,25729.150390625,25729.94921875,25722.150390625,25727.25,0
NIFTY,2026-02-18 07:34:00+00:00,25726.75,25738.0,25726.599609375,25737.0,0
NIFTY,2026-02-18 07:35:00+00:00,25736.69921875,25741.44921875,25736.05078125,25740.5,0
NIFTY,2026-02-18 07:36:00+00:00,25740.30078125,25742.05078125,25738.05078125,25739.5,0
NIFTY,2026-02-18 07:37:00+00:00,25739.30078125,25740.25,25734.69921875,25735.94921875,0
NIFTY,2026-02-18 07:38:00+00:00,25735.5,25737.25,25732.150390625,25734.25,0
NIFTY,2026-02-18 07:39:00+00:00,25732.19921875,25735.650390625,25730.69921875,25731.75,0
NIFTY,2026-02-18 07:40:00+00:00,25732.94921875,25733.5,25720.349609375,25720.349609375,0
NIFTY,2026-02-18 07:41:00+00:00,25722.0,25723.849609375,25718.400390625,25721.599609375,0
NIFTY,2026-02-18 07:42:00+00:00,25722.400390625,25727.099609375,25719.55078125,25726.94921875,0
NIFTY,2026-02-18 07:43:00+00:00,25726.650390625,25728.30078125,25722.44921875,25727.650390625,0
NIFTY,2026-02-18 07:44:00+00:00,25727.25,25732.150390625,25724.44921875,25731.5,0
NIFTY,2026-02-18 07:45:00+00:00,25730.94921875,25741.349609375,25730.94921875,25739.44921875,0
NIFTY,2026-02-18 07:46:00+00:00,25738.900390625,25741.69921875,25734.44921875,25734.44921875,0
NIFTY,2026-02-18 07:47:00+00:00,25735.75,25737.349609375,25732.349609375,25735.0,0
NIFTY,2026-02-18 07:48:00+00:00,25735.900390625,25739.099609375,25735.349609375,25738.650390625,0
NIFTY,2026-02-18 07:49:00+00:00,25738.5,25745.599609375,25737.400390625,25740.849609375,0
NIFTY,2026-02-18 07:50:00+00:00,25741.94921875,25747.44921875,25739.55078125,25745.849609375,0
NIFTY,2026-02-18 07:51:00+00:00,25745.55078125,25749.05078125,25743.25,25745.650390625,0
NIFTY,2026-02-18 07:52:00+00:00,25743.80078125,25750.900390625,25741.349609375,25750.849609375,0
NIFTY,2026-02-18 07:53:00+00:00,25750.30078125,25752.44921875,25748.150390625,25752.44921875,0
NIFTY,2026-02-18 07:54:00+00:00,25752.69921875,25753.19921875,25743.849609375,25744.849609375,0
NIFTY,2026-02-18 07:55:00+00:00,25745.150390625,25746.849609375,25733.75,25736.05078125,0
NIFTY,2026-02-18 07:56:00+00:00,25734.900390625,25738.150390625,25728.150390625,25731.099609375,0
NIFTY,2026-02-18 07:57:00+00:00,25731.30078125,25732.75,25723.19921875,25725.099609375,0
NIFTY,2026-02-18 07:58:00+00:00,25725.19921875,25727.099609375,25717.80078125,25718.69921875,0
NIFTY,2026-02-18 07:59:00+00:00,25720.19921875,25728.05078125,25718.5,25728.05078125,0
NIFTY,2026-02-18 08:00:00+00:00,25727.25,25729.05078125,25722.94921875,25725.5,0
NIFTY,2026-02-18 08:01:00+00:00,25726.150390625,25730.5,25725.05078125,25726.75,0
NIFTY,2026-02-18 08:02:00+00:00,25727.30078125,25730.25,25723.69921875,25726.69921875,0
NIFTY,2026-02-18 08:03:00+00:00,25726.150390625,25728.55078125,25724.150390625,25726.650390625,0
NIFTY,2026-02-18 08:04:00+00:00,25726.650390625,25730.150390625,25725.5,25727.55078125,0
NIFTY,2026-02-18 08:05:00+00:00,25726.19921875,25730.94921875,25725.30078125,25729.5,0
NIFTY,2026-02-18 08:06:00+00:00,25729.150390625,25730.80078125,25719.849609375,25719.849609375,0
NIFTY,2026-02-18 08:07:00+00:00,25721.94921875,25727.400390625,25721.44921875,25723.25,0
NIFTY,2026-02-18 08:08:00+00:00,25723.19921875,25726.75,25723.05078125,25725.75,0
NIFTY,2026-02-18 08:09:00+00:00,25727.099609375,25727.849609375,25721.349609375,25721.349609375,0
NIFTY,2026-02-18 08:10:00+00:00,25721.44921875,25727.650390625,25721.25,25726.69921875,0
NIFTY,2026-02-18 08:11:00+00:00,25726.69921875,25729.44921875,25722.599609375,25723.69921875,0
NIFTY,2026-02-18 08:12:00+00:00,25724.599609375,25726.5,25719.5,25719.5,0
NIFTY,2026-02-18 08:13:00+00:00,25719.5,25722.150390625,25718.099609375,25718.55078125,0
NIFTY,2026-02-18 08:14:00+00:00,25719.599609375,25725.150390625,25718.94921875,25724.69921875,0
NIFTY,2026-02-18 08:15:00+00:00,25724.599609375,25731.80078125,25723.30078125,25730.650390625,0
NIFTY,2026-02-18 08:16:00+00:00,25730.849609375,25736.0,25727.900390625,25731.69921875,0
NIFTY,2026-02-18 08:17:00+00:00,25732.19921875,25733.599609375,25725.69921875,25726.44921875,0
NIFTY,2026-02-18 08:18:00+00:00,25728.349609375,25738.19921875,25725.599609375,25735.150390625,0
NIFTY,2026-02-18 08:19:00+00:00,25736.0,25739.19921875,25731.30078125,25735.5,0
NIFTY,2026-02-18 08:20:00+00:00,25735.150390625,25739.400390625,25735.0,25739.0,0
NIFTY,2026-02-18 08:21:00+00:00,25738.94921875,25746.150390625,25738.80078125,25744.19921875,0
NIFTY,2026-02-18 08:22:00+00:00,25744.25,25746.099609375,25725.650390625,25726.05078125,0
NIFTY,2026-02-18 08:23:00+00:00,25726.55078125,25728.75,25707.75,25708.55078125,0
NIFTY,2026-02-18 08:24:00+00:00,25708.150390625,25709.94921875,25699.150390625,25700.0,0
NIFTY,2026-02-18 08:25:00+00:00,25699.19921875,25702.900390625,25695.75,25699.75,0
NIFTY,2026-02-18 08:26:00+00:00,25700.150390625,25709.44921875,25696.30078125,25709.44921875,0
NIFTY,2026-02-18 08:27:00+00:00,25708.55078125,25718.900390625,25708.55078125,25718.25,0
NIFTY,2026-02-18 08:28:00+00:00,25717.099609375,25724.900390625,25716.650390625,25721.900390625,0
NIFTY,2026-02-18 08:29:00+00:00,25722.599609375,25726.55078125,25720.0,25724.30078125,0
NIFTY,2026-02-18 08:30:00+00:00,25724.44921875,25728.19921875,25723.25,25725.400390625,0
NIFTY,2026-02-18 08:31:00+00:00,25725.099609375,25726.25,25721.30078125,25721.5,0
NIFTY,2026-02-18 08:32:00+00:00,25721.900390625,25725.349609375,25720.5,25723.400390625,0
NIFTY,2026-02-18 08:33:00+00:00,25724.05078125,25727.75,25719.94921875,25723.5,0
NIFTY,2026-02-18 08:34:00+00:00,25724.75,25726.900390625,25720.30078125,25725.44921875,0
NIFTY,2026-02-18 08:35:00+00:00,25726.55078125,25732.05078125,25725.25,25729.75,0
NIFTY,2026-02-18 08:36:00+00:00,25729.80078125,25730.69921875,25726.0,25727.05078125,0
NIFTY,2026-02-18 08:37:00+00:00,25726.5,25730.0,25725.849609375,25730.0,0
NIFTY,2026-02-18 08:38:00+00:00,25729.75,25733.150390625,25729.150390625,25732.900390625,0
NIFTY,2026-02-18 08:39:00+00:00,25732.25,25735.44921875,25729.900390625,25735.44921875,0
NIFTY,2026-02-18 08:40:00+00:00,25735.05078125,25737.599609375,25733.05078125,25737.400390625,0
NIFTY,2026-02-18 08:41:00+00:00,25736.349609375,25747.400390625,25735.80078125,25747.400390625,0
NIFTY,2026-02-18 08:42:00+00:00,25746.400390625,25753.30078125,25745.30078125,25752.849609375,0
NIFTY,2026-02-18 08:43:00+00:00,25753.55078125,25756.900390625,25751.19921875,25753.69921875,0
NIFTY,2026-02-18 08:44:00+00:00,25753.19921875,25757.349609375,25751.349609375,25756.80078125,0
NIFTY,2026-02-18 08:45:00+00:00,25756.94921875,25761.849609375,25756.94921875,25758.94921875,0
NIFTY,2026-02-18 08:46:00+00:00,25759.05078125,25759.05078125,25750.599609375,25757.05078125,0
NIFTY,2026-02-18 08:47:00+00:00,25757.599609375,25761.849609375,25756.55078125,25760.849609375,0
NIFTY,2026-02-18 08:48:00+00:00,25760.900390625,25766.150390625,25759.19921875,25765.25,0
NIFTY,2026-02-18 08:49:00+00:00,25766.349609375,25771.69921875,25765.19921875,25771.599609375,0
NIFTY,2026-02-18 08:50:00+00:00,25771.650390625,25778.44921875,25770.69921875,25778.44921875,0
NIFTY,2026-02-18 08:51:00+00:00,25779.80078125,25785.05078125,25776.94921875,25779.94921875,0
NIFTY,2026-02-18 08:52:00+00:00,25779.900390625,25787.75,25778.650390625,25786.099609375,0
NIFTY,2026-02-18 08:53:00+00:00,25786.400390625,25790.30078125,25786.0,25788.80078125,0
NIFTY,2026-02-18 08:54:00+00:00,25788.55078125,25791.25,25785.349609375,25790.55078125,0
NIFTY,2026-02-18 08:55:00+00:00,25789.900390625,25791.5,25780.05078125,25781.5,0
NIFTY,2026-02-18 08:56:00+00:00,25781.400390625,25787.80078125,25778.94921875,25787.80078125,0
NIFTY,2026-02-18 08:57:00+00:00,25786.400390625,25792.44921875,25786.400390625,25790.349609375,0
NIFTY,2026-02-18 08:58:00+00:00,25790.55078125,25791.69921875,25782.75,25785.150390625,0
NIFTY,2026-02-18 08:59:00+00:00,25784.400390625,25787.0,25780.30078125,25785.19921875,0
NIFTY,2026-02-18 09:00:00+00:00,25784.19921875,25787.599609375,25782.349609375,25782.349609375,0
NIFTY,2026-02-18 09:01:00+00:00,25782.94921875,25783.44921875,25774.69921875,25777.80078125,0
NIFTY,2026-02-18 09:02:00+00:00,25777.75,25785.400390625,25777.75,25785.400390625,0
NIFTY,2026-02-18 09:03:00+00:00,25784.69921875,25789.900390625,25783.349609375,25785.400390625,0
NIFTY,2026-02-18 09:04:00+00:00,25786.05078125,25786.69921875,25778.099609375,25779.099609375,0
NIFTY,2026-02-18 09:05:00+00:00,25778.80078125,25785.5,25778.25,25782.849609375,0
NIFTY,2026-02-18 09:06:00+00:00,25783.849609375,25793.05078125,25783.44921875,25788.80078125,0
NIFTY,2026-02-18 09:07:00+00:00,25789.150390625,25791.650390625,25783.400390625,25785.0,0
NIFTY,2026-02-18 09:08:00+00:00,25784.849609375,25787.349609375,25779.44921875,25783.05078125,0
NIFTY,2026-02-18 09:09:00+00:00,25782.400390625,25784.25,25780.099609375,25781.0,0
NIFTY,2026-02-18 09:10:00+00:00,25780.599609375,25782.349609375,25778.150390625,25782.099609375,0
NIFTY,2026-02-18 09:11:00+00:00,25781.19921875,25784.55078125,25779.55078125,25781.349609375,0
NIFTY,2026-02-18 09:12:00+00:00,25780.650390625,25781.69921875,25776.05078125,25777.599609375,0
NIFTY,2026-02-18 09:13:00+00:00,25778.0,25780.599609375,25774.30078125,25777.44921875,0
NIFTY,2026-02-18 09:14:00+00:00,25778.900390625,25784.150390625,25777.5,25779.80078125,0
NIFTY,2026-02-18 09:15:00+00:00,25779.650390625,25781.75,25774.30078125,25776.150390625,0
NIFTY,2026-02-18 09:16:00+00:00,25776.349609375,25778.400390625,25773.0,25775.0,0
NIFTY,2026-02-18 09:17:00+00:00,25773.55078125,25780.69921875,25773.5,25775.05078125,0
NIFTY,2026-02-18 09:18:00+00:00,25774.650390625,25778.150390625,25768.44921875,25778.05078125,0
NIFTY,2026-02-18 09:19:00+00:00,25777.69921875,25781.94921875,25773.599609375,25781.44921875,0
NIFTY,2026-02-18 09:20:00+00:00,25781.849609375,25783.599609375,25778.30078125,25783.099609375,0
NIFTY,2026-02-18 09:21:00+00:00,25783.349609375,25789.599609375,25783.349609375,25789.099609375,0
NIFTY,2026-02-18 09:22:00+00:00,25789.0,25790.55078125,25783.849609375,25786.75,0
NIFTY,2026-02-18 09:23:00+00:00,25787.05078125,25788.5,25784.5,25784.5,0
NIFTY,2026-02-18 09:24:00+00:00,25785.599609375,25787.75,25782.94921875,25787.44921875,0
NIFTY,2026-02-18 09:25:00+00:00,25786.94921875,25791.19921875,25786.94921875,25789.75,0
NIFTY,2026-02-18 09:26:00+00:00,25790.150390625,25794.30078125,25789.099609375,25793.150390625,0
NIFTY,2026-02-18 09:27:00+00:00,25793.55078125,25795.650390625,25792.0,25794.69921875,0
NIFTY,2026-02-18 09:28:00+00:00,25794.55078125,25796.05078125,25790.75,25793.75,0
NIFTY,2026-02-18 09:29:00+00:00,25793.69921875,25795.44921875,25788.94921875,25792.150390625,0
NIFTY,2026-02-18 09:30:00+00:00,25794.75,25824.0,25794.75,25823.25,0
NIFTY,2026-02-18 09:31:00+00:00,25822.25,25826.75,25818.650390625,25826.349609375,0
NIFTY,2026-02-18 09:32:00+00:00,25825.30078125,25826.55078125,25811.0,25817.69921875,0
NIFTY,2026-02-18 09:33:00+00:00,25815.05078125,25817.650390625,25811.55078125,25813.650390625,0
NIFTY,2026-02-18 09:34:00+00:00,25812.30078125,25817.30078125,25812.099609375,25814.55078125,0
NIFTY,2026-02-18 09:35:00+00:00,25813.650390625,25816.94921875,25809.650390625,25812.94921875,0
NIFTY,2026-02-18 09:36:00+00:00,25809.75,25815.55078125,25807.94921875,25815.55078125,0
NIFTY,2026-02-18 09:37:00+00:00,25813.5,25823.19921875,25813.5,25822.349609375,0
NIFTY,2026-02-18 09:38:00+00:00,25820.599609375,25822.80078125,25814.5,25815.849609375,0
NIFTY,2026-02-18 09:39:00+00:00,25815.400390625,25825.69921875,25815.400390625,25825.69921875,0
NIFTY,2026-02-18 09:40:00+00:00,25823.900390625,25827.150390625,25822.05078125,25825.400390625,0
NIFTY,2026-02-18 09:41:00+00:00,25824.25,25825.69921875,25820.94921875,25824.19921875,0
NIFTY,2026-02-18 09:42:00+00:00,25822.25,25824.75,25820.30078125,25824.25,0
NIFTY,2026-02-18 09:43:00+00:00,25823.150390625,25824.44921875,25820.55078125,25823.05078125,0
NIFTY,2026-02-18 09:44:00+00:00,25821.099609375,25822.5,25818.5,25821.94921875,0
NIFTY,2026-02-18 09:45:00+00:00,25820.05078125,25824.30078125,25817.900390625,25823.30078125,0
NIFTY,2026-02-18 09:46:00+00:00,25822.55078125,25824.25,25818.80078125,25824.05078125,0
NIFTY,2026-02-18 09:47:00+00:00,25821.94921875,25826.400390625,25821.94921875,25824.5,0
NIFTY,2026-02-18 09:48:00+00:00,25822.75,25827.44921875,25821.44921875,25826.44921875,0
NIFTY,2026-02-18 09:49:00+00:00,25824.0,25825.44921875,25817.099609375,25818.30078125,0
NIFTY,2026-02-18 09:50:00+00:00,25816.849609375,25820.650390625,25815.650390625,25818.30078125,0
NIFTY,2026-02-18 09:51:00+00:00,25816.75,25819.30078125,25814.099609375,25818.849609375,0
NIFTY,2026-02-18 09:52:00+00:00,25817.44921875,25822.400390625,25816.25,25821.44921875,0
NIFTY,2026-02-18 09:53:00+00:00,25820.19921875,25821.150390625,25814.849609375,25817.400390625,0
NIFTY,2026-02-18 09:54:00+00:00,25816.099609375,25819.650390625,25814.75,25817.30078125,0
NIFTY,2026-02-18 09:55:00+00:00,25815.44921875,25818.94921875,25809.94921875,25815.150390625,0
NIFTY,2026-02-18 09:56:00+00:00,25813.150390625,25818.05078125,25812.150390625,25816.69921875,0
NIFTY,2026-02-18 09:57:00+00:00,25812.849609375,25815.599609375,25811.30078125,25813.44921875,0
NIFTY,2026-02-18 09:58:00+00:00,25815.44921875,25817.400390625,25811.80078125,25813.55078125,0
NIFTY,2026-02-18 09:59:00+00:00,25814.0,25816.5,25805.05078125,25805.69921875,0
NIFTY,2026-02-19 03:45:00+00:00,25866.30078125,25879.599609375,25843.05078125,25846.19921875,0
NIFTY,2026-02-19 03:46:00+00:00,25843.900390625,25855.05078125,25837.099609375,25844.0,0
NIFTY,2026-02-19 03:47:00+00:00,25846.099609375,25871.349609375,25841.849609375,25869.80078125,0
NIFTY,2026-02-19 03:48:00+00:00,25867.650390625,25868.55078125,25856.849609375,25866.099609375,0
NIFTY,2026-02-19 03:49:00+00:00,25866.349609375,25866.349609375,25852.44921875,25853.900390625,0
NIFTY,2026-02-19 03:50:00+00:00,25853.650390625,25870.0,25849.80078125,25870.0,0
NIFTY,2026-02-19 03:51:00+00:00,25869.599609375,25877.349609375,25863.05078125,25868.349609375,0
NIFTY,2026-02-19 03:52:00+00:00,25868.75,25872.94921875,25865.19921875,25868.19921875,0
NIFTY,2026-02-19 03:53:00+00:00,25868.099609375,25868.19921875,25851.650390625,25865.30078125,0
NIFTY,2026-02-19 03:54:00+00:00,25864.349609375,25864.349609375,25850.19921875,25850.19921875,0
NIFTY,2026-02-19 03:55:00+00:00,25850.25,25851.900390625,25839.650390625,25844.5,0
NIFTY,2026-02-19 03:56:00+00:00,25844.150390625,25844.150390625,25835.849609375,25836.80078125,0
NIFTY,2026-02-19 03:57:00+00:00,25835.0,25836.94921875,25829.19921875,25831.19921875,0
NIFTY,2026-02-19 03:58:00+00:00,25831.19921875,25832.599609375,25811.80078125,25813.05078125,0
NIFTY,2026-02-19 03:59:00+00:00,25813.099609375,25825.099609375,25812.900390625,25817.650390625,0
NIFTY,2026-02-19 04:00:00+00:00,25817.75,25821.150390625,25807.150390625,25807.30078125,0
NIFTY,2026-02-19 04:01:00+00:00,25808.69921875,25819.599609375,25807.849609375,25810.75,0
NIFTY,2026-02-19 04:02:00+00:00,25811.150390625,25818.099609375,25805.94921875,25811.19921875,0
NIFTY,2026-02-19 04:03:00+00:00,25810.94921875,25813.44921875,25807.19921875,25808.25,0
NIFTY,2026-02-19 04:04:00+00:00,25808.900390625,25812.5,25803.80078125,25804.30078125,0
NIFTY,2026-02-19 04:05:00+00:00,25805.05078125,25821.19921875,25803.650390625,25813.349609375,0
NIFTY,2026-02-19 04:06:00+00:00,25813.650390625,25817.0,25807.0,25809.849609375,0
NIFTY,2026-02-19 04:07:00+00:00,25810.650390625,25815.599609375,25787.19921875,25790.849609375,0
NIFTY,2026-02-19 04:08:00+00:00,25790.599609375,25791.849609375,25782.05078125,25783.0,0
NIFTY,2026-02-19 04:09:00+00:00,25781.69921875,25793.400390625,25780.25,25790.650390625,0
NIFTY,2026-02-19 04:10:00+00:00,25790.75,25792.05078125,25784.599609375,25784.599609375,0
NIFTY,2026-02-19 04:11:00+00:00,25784.849609375,25790.599609375,25783.94921875,25790.150390625,0
NIFTY,2026-02-19 04:12:00+00:00,25789.69921875,25791.0,25784.900390625,25784.900390625,0
NIFTY,2026-02-19 04:13:00+00:00,25785.5,25786.099609375,25778.400390625,25780.30078125,0
NIFTY,2026-02-19 04:14:00+00:00,25780.150390625,25784.44921875,25776.80078125,25779.900390625,0
NIFTY,2026-02-19 04:15:00+00:00,25780.94921875,25781.69921875,25773.900390625,25781.150390625,0
NIFTY,2026-02-19 04:16:00+00:00,25780.19921875,25785.900390625,25776.19921875,25785.69921875,0
NIFTY,2026-02-19 04:17:00+00:00,25785.44921875,25793.650390625,25785.150390625,25793.650390625,0
NIFTY,2026-02-19 04:18:00+00:00,25791.150390625,25806.400390625,25790.599609375,25800.80078125,0
NIFTY,2026-02-19 04:19:00+00:00,25801.599609375,25812.94921875,25801.599609375,25809.25,0
NIFTY,2026-02-19 04:20:00+00:00,25808.30078125,25810.55078125,25799.400390625,25801.599609375,0
NIFTY,2026-02-19 04:21:00+00:00,25799.44921875,25804.80078125,25792.900390625,25794.849609375,0
NIFTY,2026-02-19 04:22:00+00:00,25792.44921875,25798.80078125,25787.19921875,25788.400390625,0
NIFTY,2026-02-19 04:23:00+00:00,25787.75,25789.19921875,25784.650390625,25788.099609375,0
NIFTY,2026-02-19 04:24:00+00:00,25787.94921875,25792.849609375,25782.650390625,25782.650390625,0
NIFTY,2026-02-19 04:25:00+00:00,25783.599609375,25789.099609375,25782.5,25785.599609375,0
NIFTY,2026-02-19 04:26:00+00:00,25785.599609375,25785.599609375,25777.80078125,25781.80078125,0
NIFTY,2026-02-19 04:27:00+00:00,25781.400390625,25783.849609375,25779.5,25779.650390625,0
NIFTY,2026-02-19 04:28:00+00:00,25779.69921875,25781.650390625,25770.5,25772.650390625,0
NIFTY,2026-02-19 04:29:00+00:00,25772.55078125,25773.69921875,25769.849609375,25772.849609375,0
NIFTY,2026-02-19 04:30:00+00:00,25772.55078125,25779.30078125,25771.19921875,25773.400390625,0
NIFTY,2026-02-19 04:31:00+00:00,25773.5,25778.94921875,25767.75,25770.900390625,0
NIFTY,2026-02-19 04:32:00+00:00,25770.400390625,25770.400390625,25763.400390625,25768.0,0
NIFTY,2026-02-19 04:33:00+00:00,25767.94921875,25780.94921875,25767.55078125,25779.599609375,0
NIFTY,2026-02-19 04:34:00+00:00,25778.5,25786.55078125,25776.849609375,25786.55078125,0
NIFTY,2026-02-19 04:35:00+00:00,25785.849609375,25792.099609375,25783.900390625,25791.900390625,0
NIFTY,2026-02-19 04:36:00+00:00,25791.349609375,25793.900390625,25787.69921875,25791.80078125,0
NIFTY,2026-02-19 04:37:00+00:00,25791.349609375,25791.849609375,25780.650390625,25782.849609375,0
NIFTY,2026-02-19 04:38:00+00:00,25784.0,25786.05078125,25776.05078125,25784.150390625,0
NIFTY,2026-02-19 04:39:00+00:00,25782.099609375,25785.599609375,25776.69921875,25779.599609375,0
NIFTY,2026-02-19 04:40:00+00:00,25778.650390625,25783.30078125,25773.75,25778.55078125,0
NIFTY,2026-02-19 04:41:00+00:00,25777.900390625,25778.55078125,25764.099609375,25769.80078125,0
NIFTY,2026-02-19 04:42:00+00:00,25769.69921875,25774.30078125,25766.19921875,25769.900390625,0
NIFTY,2026-02-19 04:43:00+00:00,25769.849609375,25770.94921875,25762.80078125,25765.94921875,0
NIFTY,2026-02-19 04:44:00+00:00,25765.099609375,25765.099609375,25750.69921875,25756.44921875,0
NIFTY,2026-02-19 04:45:00+00:00,25757.75,25757.75,25747.44921875,25748.30078125,0
NIFTY,2026-02-19 04:46:00+00:00,25748.150390625,25756.25,25748.05078125,25754.55078125,0
NIFTY,2026-02-19 04:47:00+00:00,25753.5,25758.400390625,25751.900390625,25757.900390625,0
NIFTY,2026-02-19 04:48:00+00:00,25758.099609375,25765.650390625,25756.69921875,25764.69921875,0
NIFTY,2026-02-19 04:49:00+00:00,25765.30078125,25765.849609375,25753.599609375,25756.849609375,0
NIFTY,2026-02-19 04:50:00+00:00,25757.30078125,25757.400390625,25749.19921875,25749.55078125,0
NIFTY,2026-02-19 04:51:00+00:00,25748.19921875,25752.900390625,25745.599609375,25746.5,0
NIFTY,2026-02-19 04:52:00+00:00,25746.900390625,25752.349609375,25742.099609375,25751.30078125,0
NIFTY,2026-02-19 04:53:00+00:00,25752.44921875,25760.400390625,25752.44921875,25759.400390625,0
NIFTY,2026-02-19 04:54:00+00:00,25760.44921875,25761.75,25752.19921875,25754.05078125,0
NIFTY,2026-02-19 04:55:00+00:00,25752.80078125,25754.94921875,25747.30078125,25747.349609375,0
NIFTY,2026-02-19 04:56:00+00:00,25747.55078125,25750.19921875,25745.349609375,25748.099609375,0
NIFTY,2026-02-19 04:57:00+00:00,25748.05078125,25748.099609375,25735.900390625,25738.599609375,0
NIFTY,2026-02-19 04:58:00+00:00,25737.30078125,25744.30078125,25733.650390625,25744.19921875,0
NIFTY,2026-02-19 04:59:00+00:00,25743.80078125,25750.849609375,25741.900390625,25746.69921875,0
NIFTY,2026-02-19 05:00:00+00:00,25746.75,25747.400390625,25736.849609375,25737.80078125,0
NIFTY,2026-02-19 05:01:00+00:00,25737.25,25747.599609375,25736.80078125,25746.19921875,0
NIFTY,2026-02-19 05:02:00+00:00,25746.150390625,25750.150390625,25745.80078125,25749.80078125,0
NIFTY,2026-02-19 05:03:00+00:00,25750.099609375,25752.400390625,25745.5,25747.400390625,0
NIFTY,2026-02-19 05:04:00+00:00,25747.150390625,25747.25,25736.849609375,25739.5,0
NIFTY,2026-02-19 05:05:00+00:00,25739.94921875,25743.19921875,25732.94921875,25736.650390625,0
NIFTY,2026-02-19 05:06:00+00:00,25737.75,25738.44921875,25728.849609375,25730.55078125,0
NIFTY,2026-02-19 05:07:00+00:00,25728.69921875,25729.849609375,25720.75,25721.150390625,0
NIFTY,2026-02-19 05:08:00+00:00,25720.30078125,25723.900390625,25714.099609375,25722.94921875,0
NIFTY,2026-02-19 05:09:00+00:00,25722.75,25722.75,25715.94921875,25716.400390625,0
NIFTY,2026-02-19 05:10:00+00:00,25716.599609375,25718.0,25708.75,25717.099609375,0
NIFTY,2026-02-19 05:11:00+00:00,25717.05078125,25727.599609375,25715.19921875,25727.099609375,0
NIFTY,2026-02-19 05:12:00+00:00,25726.400390625,25728.0,25718.44921875,25725.650390625,0
NIFTY,2026-02-19 05:13:00+00:00,25727.349609375,25738.30078125,25724.849609375,25735.44921875,0
NIFTY,2026-02-19 05:14:00+00:00,25735.900390625,25739.5,25731.900390625,25735.05078125,0
NIFTY,2026-02-19 05:15:00+00:00,25735.19921875,25736.75,25725.30078125,25725.75,0
NIFTY,2026-02-19 05:16:00+00:00,25725.900390625,25729.55078125,25724.75,25728.05078125,0
NIFTY,2026-02-19 05:17:00+00:00,25726.94921875,25729.44921875,25720.55078125,25720.55078125,0
NIFTY,2026-02-19 05:18:00+00:00,25720.5,25722.30078125,25718.44921875,25718.80078125,0
NIFTY,2026-02-19 05:19:00+00:00,25718.80078125,25726.55078125,25718.05078125,25723.150390625,0
NIFTY,2026-02-19 05:20:00+00:00,25722.94921875,25723.25,25718.25,25721.69921875,0
NIFTY,2026-02-19 05:21:00+00:00,25722.400390625,25729.900390625,25722.19921875,25728.44921875,0
NIFTY,2026-02-19 05:22:00+00:00,25726.19921875,25734.400390625,25726.19921875,25734.099609375,0
NIFTY,2026-02-19 05:23:00+00:00,25734.25,25735.94921875,25727.25,25729.25,0
NIFTY,2026-02-19 05:24:00+00:00,25729.30078125,25737.0,25728.75,25733.650390625,0
NIFTY,2026-02-19 05:25:00+00:00,25732.75,25734.44921875,25727.099609375,25727.30078125,0
NIFTY,2026-02-19 05:26:00+00:00,25727.19921875,25727.75,25719.94921875,25722.849609375,0
NIFTY,2026-02-19 05:27:00+00:00,25723.5,25733.400390625,25723.0,25730.150390625,0
NIFTY,2026-02-19 05:28:00+00:00,25728.150390625,25737.69921875,25727.55078125,25737.150390625,0
NIFTY,2026-02-19 05:29:00+00:00,25738.05078125,25740.5,25734.30078125,25734.849609375,0
NIFTY,2026-02-19 05:30:00+00:00,25734.75,25738.5,25729.900390625,25735.849609375,0
NIFTY,2026-02-19 05:31:00+00:00,25734.94921875,25746.0,25731.0,25732.05078125,0
NIFTY,2026-02-19 05:32:00+00:00,25732.0,25734.400390625,25726.30078125,25726.5,0
NIFTY,2026-02-19 05:33:00+00:00,25726.400390625,25735.650390625,25726.150390625,25735.44921875,0
NIFTY,2026-02-19 05:34:00+00:00,25735.0,25740.44921875,25732.44921875,25734.900390625,0
NIFTY,2026-02-19 05:35:00+00:00,25734.80078125,25736.900390625,25729.94921875,25730.349609375,0
NIFTY,2026-02-19 05:36:00+00:00,25730.5,25734.349609375,25726.80078125,25733.900390625,0
NIFTY,2026-02-19 05:37:00+00:00,25734.94921875,25744.0,25734.94921875,25741.19921875,0
NIFTY,2026-02-19 05:38:00+00:00,25741.599609375,25745.05078125,25736.849609375,25736.849609375,0
NIFTY,2026-02-19 05:39:00+00:00,25735.650390625,25736.400390625,25726.25,25726.94921875,0
NIFTY,2026-02-19 05:40:00+00:00,25727.30078125,25733.25,25726.150390625,25732.80078125,0
NIFTY,2026-02-19 05:41:00+00:00,25732.19921875,25736.849609375,25731.599609375,25732.849609375,0
NIFTY,2026-02-19 05:42:00+00:00,25732.400390625,25734.900390625,25730.5,25731.0,0
NIFTY,2026-02-19 05:43:00+00:00,25731.150390625,25732.69921875,25720.599609375,25720.599609375,0
NIFTY,2026-02-19 05:44:00+00:00,25720.05078125,25721.5,25713.849609375,25715.80078125,0
NIFTY,2026-02-19 05:45:00+00:00,25715.30078125,25720.69921875,25713.650390625,25714.19921875,0
NIFTY,2026-02-19 05:46:00+00:00,25715.55078125,25715.650390625,25710.19921875,25710.349609375,0
NIFTY,2026-02-19 05:47:00+00:00,25710.30078125,25719.5,25709.55078125,25717.69921875,0
NIFTY,2026-02-19 05:48:00+00:00,25717.400390625,25718.30078125,25705.400390625,25706.349609375,0
NIFTY,2026-02-19 05:49:00+00:00,25706.349609375,25708.55078125,25703.849609375,25705.650390625,0
NIFTY,2026-02-19 05:50:00+00:00,25705.150390625,25707.400390625,25702.349609375,25707.400390625,0
NIFTY,2026-02-19 05:51:00+00:00,25707.400390625,25709.75,25703.69921875,25703.69921875,0
NIFTY,2026-02-19 05:52:00+00:00,25704.55078125,25707.19921875,25700.400390625,25700.400390625,0
NIFTY,2026-02-19 05:53:00+00:00,25700.55078125,25701.599609375,25690.05078125,25690.05078125,0
NIFTY,2026-02-19 05:54:00+00:00,25690.19921875,25690.599609375,25679.849609375,25683.25,0
NIFTY,2026-02-19 05:55:00+00:00,25682.400390625,25690.30078125,25681.150390625,25689.150390625,0
NIFTY,2026-02-19 05:56:00+00:00,25689.400390625,25690.849609375,25687.099609375,25689.0,0
NIFTY,2026-02-19 05:57:00+00:00,25689.55078125,25690.900390625,25681.75,25682.55078125,0
NIFTY,2026-02-19 05:58:00+00:00,25681.94921875,25692.400390625,25681.94921875,25690.30078125,0
NIFTY,2026-02-19 05:59:00+00:00,25689.650390625,25692.44921875,25688.099609375,25688.650390625,0
NIFTY,2026-02-19 06:00:00+00:00,25687.69921875,25689.599609375,25683.44921875,25686.900390625,0
NIFTY,2026-02-19 06:01:00+00:00,25686.05078125,25686.849609375,25683.55078125,25686.099609375,0
NIFTY,2026-02-19 06:02:00+00:00,25686.099609375,25693.099609375,25686.099609375,25689.94921875,0
NIFTY,2026-02-19 06:03:00+00:00,25689.75,25691.150390625,25688.5,25690.25,0
NIFTY,2026-02-19 06:04:00+00:00,25689.900390625,25691.849609375,25685.099609375,25686.94921875,0
NIFTY,2026-02-19 06:05:00+00:00,25686.44921875,25688.94921875,25681.099609375,25683.0,0
NIFTY,2026-02-19 06:06:00+00:00,25684.0,25684.849609375,25671.900390625,25675.75,0
NIFTY,2026-02-19 06:07:00+00:00,25675.94921875,25683.55078125,25675.80078125,25678.349609375,0
NIFTY,2026-02-19 06:08:00+00:00,25678.94921875,25682.25,25677.69921875,25679.349609375,0
NIFTY,2026-02-19 06:09:00+00:00,25679.599609375,25686.150390625,25678.349609375,25684.599609375,0
NIFTY,2026-02-19 06:10:00+00:00,25683.650390625,25685.650390625,25680.19921875,25684.19921875,0
NIFTY,2026-02-19 06:11:00+00:00,25684.099609375,25684.849609375,25675.19921875,25675.5,0
NIFTY,2026-02-19 06:12:00+00:00,25675.900390625,25676.650390625,25668.0,25668.0,0
NIFTY,2026-02-19 06:13:00+00:00,25667.94921875,25677.94921875,25667.94921875,25675.55078125,0
NIFTY,2026-02-19 06:14:00+00:00,25674.5,25679.849609375,25672.599609375,25678.900390625,0
NIFTY,2026-02-19 06:15:00+00:00,25679.349609375,25680.05078125,25670.0,25671.599609375,0
NIFTY,2026-02-19 06:16:00+00:00,25670.099609375,25671.75,25664.099609375,25665.0,0
NIFTY,2026-02-19 06:17:00+00:00,25663.5,25671.900390625,25662.55078125,25668.650390625,0
NIFTY,2026-02-19 06:18:00+00:00,25669.150390625,25669.44921875,25658.849609375,25662.099609375,0
NIFTY,2026-02-19 06:19:00+00:00,25662.25,25666.69921875,25661.849609375,25664.44921875,0
NIFTY,2026-02-19 06:20:00+00:00,25664.5,25664.650390625,25657.25,25660.900390625,0
NIFTY,2026-02-19 06:21:00+00:00,25661.150390625,25664.0,25655.650390625,25659.75,0
NIFTY,2026-02-19 06:22:00+00:00,25660.05078125,25662.75,25655.55078125,25658.900390625,0
NIFTY,2026-02-19 06:23:00+00:00,25658.0,25660.69921875,25652.69921875,25658.19921875,0
NIFTY,2026-02-19 06:24:00+00:00,25657.94921875,25661.099609375,25654.44921875,25658.650390625,0
NIFTY,2026-02-19 06:25:00+00:00,25657.19921875,25663.75,25656.599609375,25661.400390625,0
NIFTY,2026-02-19 06:26:00+00:00,25661.900390625,25661.900390625,25653.5,25653.5,0
NIFTY,2026-02-19 06:27:00+00:00,25652.900390625,25655.05078125,25650.849609375,25652.19921875,0
NIFTY,2026-02-19 06:28:00+00:00,25652.5,25659.30078125,25652.5,25656.849609375,0
NIFTY,2026-02-19 06:29:00+00:00,25655.75,25663.94921875,25655.75,25658.69921875,0
NIFTY,2026-02-19 06:30:00+00:00,25658.650390625,25661.599609375,25651.349609375,25651.349609375,0
NIFTY,2026-02-19 06:31:00+00:00,25652.650390625,25653.19921875,25642.05078125,25644.5,0
NIFTY,2026-02-19 06:32:00+00:00,25645.55078125,25653.30078125,25644.19921875,25652.05078125,0
NIFTY,2026-02-19 06:33:00+00:00,25651.44921875,25656.650390625,25645.599609375,25653.69921875,0
NIFTY,2026-02-19 06:34:00+00:00,25653.80078125,25657.25,25648.650390625,25652.099609375,0
NIFTY,2026-02-19 06:35:00+00:00,25652.94921875,25654.349609375,25648.80078125,25651.19921875,0
NIFTY,2026-02-19 06:36:00+00:00,25651.25,25655.849609375,25651.150390625,25653.05078125,0
NIFTY,2026-02-19 06:37:00+00:00,25652.150390625,25654.80078125,25647.849609375,25648.05078125,0
NIFTY,2026-02-19 06:38:00+00:00,25646.94921875,25651.099609375,25644.80078125,25648.05078125,0
NIFTY,2026-02-19 06:39:00+00:00,25647.55078125,25647.900390625,25637.099609375,25637.75,0
NIFTY,2026-02-19 06:40:00+00:00,25636.55078125,25636.55078125,25625.44921875,25627.599609375,0
NIFTY,2026-02-19 06:41:00+00:00,25627.19921875,25628.30078125,25621.55078125,25623.30078125,0
NIFTY,2026-02-19 06:42:00+00:00,25621.94921875,25625.150390625,25613.099609375,25615.349609375,0
NIFTY,2026-02-19 06:43:00+00:00,25614.75,25616.30078125,25603.150390625,25604.25,0
NIFTY,2026-02-19 06:44:00+00:00,25604.75,25614.0,25601.0,25603.5,0
NIFTY,2026-02-19 06:45:00+00:00,25602.849609375,25602.849609375,25592.55078125,25596.5,0
NIFTY,2026-02-19 06:46:00+00:00,25595.75,25600.44921875,25591.94921875,25595.0,0
NIFTY,2026-02-19 06:47:00+00:00,25596.150390625,25598.25,25586.849609375,25597.55078125,0
NIFTY,2026-02-19 06:48:00+00:00,25597.19921875,25615.69921875,25597.19921875,25610.5,0
NIFTY,2026-02-19 06:49:00+00:00,25610.05078125,25615.44921875,25606.400390625,25611.400390625,0
NIFTY,2026-02-19 06:50:00+00:00,25611.80078125,25619.30078125,25607.55078125,25618.05078125,0
NIFTY,2026-02-19 06:51:00+00:00,25617.349609375,25634.69921875,25616.849609375,25630.650390625,0
NIFTY,2026-02-19 06:52:00+00:00,25630.150390625,25633.5,25627.44921875,25628.25,0
NIFTY,2026-02-19 06:53:00+00:00,25626.0,25635.44921875,25624.19921875,25632.69921875,0
NIFTY,2026-02-19 06:54:00+00:00,25632.19921875,25639.69921875,25632.19921875,25633.349609375,0
NIFTY,2026-02-19 06:55:00+00:00,25631.900390625,25632.400390625,25624.0,25626.650390625,0
NIFTY,2026-02-19 06:56:00+00:00,25624.650390625,25627.099609375,25614.05078125,25621.30078125,0
NIFTY,2026-02-19 06:57:00+00:00,25619.599609375,25627.650390625,25617.849609375,25623.599609375,0
NIFTY,2026-02-19 06:58:00+00:00,25621.94921875,25630.69921875,25621.94921875,25630.150390625,0
NIFTY,2026-02-19 06:59:00+00:00,25628.75,25634.900390625,25625.80078125,25626.0,0
NIFTY,2026-02-19 07:00:00+00:00,25625.400390625,25628.150390625,25623.55078125,25626.900390625,0
NIFTY,2026-02-19 07:01:00+00:00,25624.55078125,25630.69921875,25621.650390625,25623.900390625,0
NIFTY,2026-02-19 07:02:00+00:00,25623.0,25625.150390625,25614.650390625,25617.05078125,0
NIFTY,2026-02-19 07:03:00+00:00,25615.650390625,25618.25,25610.099609375,25610.150390625,0
NIFTY,2026-02-19 07:04:00+00:00,25609.400390625,25622.75,25608.599609375,25614.0,0
NIFTY,2026-02-19 07:05:00+00:00,25613.75,25621.400390625,25613.349609375,25618.80078125,0
NIFTY,2026-02-19 07:06:00+00:00,25616.25,25619.0,25609.94921875,25612.55078125,0
NIFTY,2026-02-19 07:07:00+00:00,25610.94921875,25613.30078125,25605.69921875,25609.599609375,0
NIFTY,2026-02-19 07:08:00+00:00,25609.05078125,25611.25,25605.25,25605.650390625,0
NIFTY,2026-02-19 07:09:00+00:00,25604.55078125,25605.80078125,25591.849609375,25593.80078125,0
NIFTY,2026-02-19 07:10:00+00:00,25594.19921875,25602.55078125,25593.099609375,25595.099609375,0
NIFTY,2026-02-19 07:11:00+00:00,25593.44921875,25595.94921875,25579.05078125,25585.150390625,0
NIFTY,2026-02-19 07:12:00+00:00,25585.0,25585.94921875,25577.599609375,25577.650390625,0
NIFTY,2026-02-19 07:13:00+00:00,25577.19921875,25579.05078125,25571.599609375,25572.44921875,0
NIFTY,2026-02-19 07:14:00+00:00,25571.400390625,25584.400390625,25569.44921875,25582.55078125,0
NIFTY,2026-02-19 07:15:00+00:00,25580.69921875,25583.44921875,25575.0,25577.05078125,0
NIFTY,2026-02-19 07:16:00+00:00,25576.44921875,25579.19921875,25575.44921875,25576.849609375,0
NIFTY,2026-02-19 07:17:00+00:00,25576.650390625,25578.80078125,25571.19921875,25573.0,0
NIFTY,2026-02-19 07:18:00+00:00,25572.0,25578.94921875,25568.19921875,25574.05078125,0
NIFTY,2026-02-19 07:19:00+00:00,25573.650390625,25585.55078125,25572.30078125,25584.05078125,0
NIFTY,2026-02-19 07:20:00+00:00,25584.44921875,25587.150390625,25580.05078125,25583.849609375,0
NIFTY,2026-02-19 07:21:00+00:00,25581.69921875,25590.94921875,25581.69921875,25590.099609375,0
NIFTY,2026-02-19 07:22:00+00:00,25588.55078125,25599.44921875,25588.55078125,25598.44921875,0
NIFTY,2026-02-19 07:23:00+00:00,25599.349609375,25613.400390625,25596.650390625,25597.900390625,0
NIFTY,2026-02-19 07:24:00+00:00,25594.900390625,25598.599609375,25589.599609375,25592.19921875,0
NIFTY,2026-02-19 07:25:00+00:00,25593.349609375,25602.400390625,25593.150390625,25600.099609375,0
NIFTY,2026-02-19 07:26:00+00:00,25600.599609375,25601.69921875,25594.69921875,25595.400390625,0
NIFTY,2026-02-19 07:27:00+00:00,25595.349609375,25597.0,25594.30078125,25596.099609375,0
NIFTY,2026-02-19 07:28:00+00:00,25596.05078125,25597.30078125,25592.44921875,25592.69921875,0
NIFTY,2026-02-19 07:29:00+00:00,25592.349609375,25599.599609375,25590.0,25597.5,0
NIFTY,2026-02-19 07:30:00+00:00,25598.400390625,25599.150390625,25586.25,25591.69921875,0
NIFTY,2026-02-19 07:31:00+00:00,25590.0,25598.650390625,25590.0,25594.94921875,0
NIFTY,2026-02-19 07:32:00+00:00,25593.30078125,25594.099609375,25589.599609375,25589.80078125,0
NIFTY,2026-02-19 07:33:00+00:00,25590.05078125,25597.55078125,25588.900390625,25591.44921875,0
NIFTY,2026-02-19 07:34:00+00:00,25592.69921875,25599.94921875,25591.80078125,25598.44921875,0
NIFTY,2026-02-19 07:35:00+00:00,25597.75,25608.94921875,25597.5,25608.69921875,0
NIFTY,2026-02-19 07:36:00+00:00,25608.150390625,25612.650390625,25602.349609375,25605.900390625,0
NIFTY,2026-02-19 07:37:00+00:00,25605.94921875,25616.400390625,25603.099609375,25612.650390625,0
NIFTY,2026-02-19 07:38:00+00:00,25615.30078125,25622.94921875,25610.75,25619.099609375,0
NIFTY,2026-02-19 07:39:00+00:00,25618.5,25629.80078125,25618.5,25628.0,0
NIFTY,2026-02-19 07:40:00+00:00,25628.75,25631.400390625,25624.30078125,25628.19921875,0
NIFTY,2026-02-19 07:41:00+00:00,25628.30078125,25630.400390625,25623.44921875,25623.650390625,0
NIFTY,2026-02-19 07:42:00+00:00,25624.400390625,25630.349609375,25621.05078125,25621.44921875,0
NIFTY,2026-02-19 07:43:00+00:00,25620.849609375,25628.05078125,25618.5,25621.69921875,0
NIFTY,2026-02-19 07:44:00+00:00,25621.5,25625.44921875,25621.25,25624.55078125,0
NIFTY,2026-02-19 07:45:00+00:00,25623.849609375,25624.55078125,25603.099609375,25605.75,0
NIFTY,2026-02-19 07:46:00+00:00,25602.900390625,25607.25,25599.80078125,25599.80078125,0
NIFTY,2026-02-19 07:47:00+00:00,25598.5,25611.55078125,25598.5,25605.75,0
NIFTY,2026-02-19 07:48:00+00:00,25604.80078125,25612.80078125,25603.599609375,25609.19921875,0
NIFTY,2026-02-19 07:49:00+00:00,25609.900390625,25613.650390625,25606.5,25607.0,0
NIFTY,2026-02-19 07:50:00+00:00,25606.75,25613.44921875,25604.55078125,25611.099609375,0
NIFTY,2026-02-19 07:51:00+00:00,25611.75,25626.400390625,25611.19921875,25626.400390625,0
NIFTY,2026-02-19 07:52:00+00:00,25625.44921875,25629.80078125,25622.5,25628.25,0
NIFTY,2026-02-19 07:53:00+00:00,25626.44921875,25631.900390625,25623.75,25628.650390625,0
NIFTY,2026-02-19 07:54:00+00:00,25628.30078125,25634.30078125,25628.25,25630.75,0
NIFTY,2026-02-19 07:55:00+00:00,25630.599609375,25636.25,25629.30078125,25633.150390625,0
NIFTY,2026-02-19 07:56:00+00:00,25631.150390625,25631.599609375,25612.599609375,25613.650390625,0
NIFTY,2026-02-19 07:57:00+00:00,25612.599609375,25614.099609375,25607.099609375,25610.55078125,0
NIFTY,2026-02-19 07:58:00+00:00,25610.05078125,25619.19921875,25604.69921875,25618.5,0
NIFTY,2026-02-19 07:59:00+00:00,25617.44921875,25623.80078125,25616.349609375,25619.69921875,0
NIFTY,2026-02-19 08:00:00+00:00,25617.94921875,25620.55078125,25605.150390625,25605.150390625,0
NIFTY,2026-02-19 08:01:00+00:00,25604.94921875,25606.0,25592.150390625,25593.19921875,0
NIFTY,2026-02-19 08:02:00+00:00,25592.650390625,25593.44921875,25587.55078125,25588.25,0
NIFTY,2026-02-19 08:03:00+00:00,25587.69921875,25588.05078125,25577.849609375,25579.400390625,0
NIFTY,2026-02-19 08:04:00+00:00,25579.75,25594.19921875,25575.849609375,25591.30078125,0
NIFTY,2026-02-19 08:05:00+00:00,25591.05078125,25591.05078125,25578.650390625,25584.05078125,0
NIFTY,2026-02-19 08:06:00+00:00,25583.05078125,25589.25,25581.25,25588.650390625,0
NIFTY,2026-02-19 08:07:00+00:00,25587.94921875,25604.30078125,25587.849609375,25604.30078125,0
NIFTY,2026-02-19 08:08:00+00:00,25604.400390625,25606.80078125,25600.900390625,25602.05078125,0
NIFTY,2026-02-19 08:09:00+00:00,25601.400390625,25603.05078125,25599.150390625,25600.94921875,0
NIFTY,2026-02-19 08:10:00+00:00,25600.55078125,25605.599609375,25598.5,25604.400390625,0
NIFTY,2026-02-19 08:11:00+00:00,25604.80078125,25608.900390625,25604.30078125,25607.599609375,0
NIFTY,2026-02-19 08:12:00+00:00,25606.650390625,25608.0,25599.30078125,25599.599609375,0
NIFTY,2026-02-19 08:13:00+00:00,25598.94921875,25601.19921875,25594.5,25600.80078125,0
NIFTY,2026-02-19 08:14:00+00:00,25600.19921875,25605.44921875,25599.19921875,25600.55078125,0
NIFTY,2026-02-19 08:15:00+00:00,25600.5,25605.69921875,25599.349609375,25599.44921875,0
NIFTY,2026-02-19 08:16:00+00:00,25597.94921875,25600.30078125,25595.55078125,25597.80078125,0
NIFTY,2026-02-19 08:17:00+00:00,25596.650390625,25599.25,25593.349609375,25594.05078125,0
NIFTY,2026-02-19 08:18:00+00:00,25594.349609375,25594.650390625,25584.599609375,25590.30078125,0
NIFTY,2026-02-19 08:19:00+00:00,25591.25,25591.25,25584.0,25587.30078125,0
NIFTY,2026-02-19 08:20:00+00:00,25587.599609375,25591.25,25582.19921875,25585.650390625,0
NIFTY,2026-02-19 08:21:00+00:00,25585.900390625,25590.0,25583.400390625,25585.349609375,0
NIFTY,2026-02-19 08:22:00+00:00,25585.94921875,25586.650390625,25573.599609375,25573.599609375,0
NIFTY,2026-02-19 08:23:00+00:00,25572.80078125,25573.849609375,25565.30078125,25572.849609375,0
NIFTY,2026-02-19 08:24:00+00:00,25573.400390625,25587.849609375,25572.5,25579.94921875,0
NIFTY,2026-02-19 08:25:00+00:00,25581.900390625,25582.69921875,25576.80078125,25576.80078125,0
NIFTY,2026-02-19 08:26:00+00:00,25577.80078125,25581.150390625,25571.400390625,25571.900390625,0
NIFTY,2026-02-19 08:27:00+00:00,25572.75,25573.650390625,25567.55078125,25569.25,0
NIFTY,2026-02-19 08:28:00+00:00,25568.75,25570.650390625,25563.349609375,25563.349609375,0
NIFTY,2026-02-19 08:29:00+00:00,25563.099609375,25568.30078125,25561.849609375,25562.44921875,0
NIFTY,2026-02-19 08:30:00+00:00,25562.849609375,25569.19921875,25559.099609375,25562.900390625,0
NIFTY,2026-02-19 08:31:00+00:00,25563.849609375,25567.349609375,25555.650390625,25555.75,0
NIFTY,2026-02-19 08:32:00+00:00,25557.30078125,25563.099609375,25550.80078125,25561.599609375,0
NIFTY,2026-02-19 08:33:00+00:00,25560.150390625,25561.80078125,25552.150390625,25553.55078125,0
NIFTY,2026-02-19 08:34:00+00:00,25553.650390625,25554.900390625,25549.849609375,25552.5,0
NIFTY,2026-02-19 08:35:00+00:00,25552.55078125,25553.80078125,25546.900390625,25548.5,0
NIFTY,2026-02-19 08:36:00+00:00,25548.650390625,25557.44921875,25545.5,25557.44921875,0
NIFTY,2026-02-19 08:37:00+00:00,25556.44921875,25562.80078125,25556.30078125,25560.55078125,0
NIFTY,2026-02-19 08:38:00+00:00,25560.75,25562.75,25558.150390625,25559.0,0
NIFTY,2026-02-19 08:39:00+00:00,25558.75,25568.400390625,25557.0,25566.650390625,0
NIFTY,2026-02-19 08:40:00+00:00,25566.099609375,25577.44921875,25566.099609375,25568.150390625,0
NIFTY,2026-02-19 08:41:00+00:00,25569.30078125,25570.5,25564.5,25566.900390625,0
NIFTY,2026-02-19 08:42:00+00:00,25566.30078125,25569.650390625,25559.94921875,25560.900390625,0
NIFTY,2026-02-19 08:43:00+00:00,25559.900390625,25571.69921875,25559.900390625,25569.75,0
NIFTY,2026-02-19 08:44:00+00:00,25569.349609375,25577.19921875,25568.849609375,25571.400390625,0
NIFTY,2026-02-19 08:45:00+00:00,25570.900390625,25575.349609375,25568.30078125,25575.099609375,0
NIFTY,2026-02-19 08:46:00+00:00,25574.75,25589.69921875,25574.55078125,25589.25,0
NIFTY,2026-02-19 08:47:00+00:00,25588.650390625,25591.75,25586.0,25591.55078125,0
NIFTY,2026-02-19 08:48:00+00:00,25592.05078125,25595.900390625,25590.599609375,25590.900390625,0
NIFTY,2026-02-19 08:49:00+00:00,25588.650390625,25601.69921875,25586.349609375,25598.599609375,0
NIFTY,2026-02-19 08:50:00+00:00,25599.75,25609.94921875,25595.099609375,25604.69921875,0
NIFTY,2026-02-19 08:51:00+00:00,25606.05078125,25609.5,25586.55078125,25586.55078125,0
NIFTY,2026-02-19 08:52:00+00:00,25587.19921875,25591.44921875,25580.75,25582.44921875,0
NIFTY,2026-02-19 08:53:00+00:00,25579.55078125,25580.80078125,25571.150390625,25578.599609375,0
NIFTY,2026-02-19 08:54:00+00:00,25578.150390625,25586.599609375,25578.099609375,25580.94921875,0
NIFTY,2026-02-19 08:55:00+00:00,25579.650390625,25580.44921875,25573.19921875,25574.400390625,0
NIFTY,2026-02-19 08:56:00+00:00,25573.150390625,25575.150390625,25568.94921875,25571.099609375,0
NIFTY,2026-02-19 08:57:00+00:00,25569.80078125,25571.94921875,25558.650390625,25558.80078125,0
NIFTY,2026-02-19 08:58:00+00:00,25558.30078125,25565.69921875,25557.44921875,25560.94921875,0
NIFTY,2026-02-19 08:59:00+00:00,25560.05078125,25560.44921875,25545.349609375,25547.099609375,0
NIFTY,2026-02-19 09:00:00+00:00,25545.849609375,25566.849609375,25545.849609375,25566.849609375,0
NIFTY,2026-02-19 09:01:00+00:00,25565.349609375,25569.0,25563.150390625,25567.650390625,0
NIFTY,2026-02-19 09:02:00+00:00,25567.599609375,25569.94921875,25564.5,25569.900390625,0
NIFTY,2026-02-19 09:03:00+00:00,25569.69921875,25572.05078125,25563.75,25567.150390625,0
NIFTY,2026-02-19 09:04:00+00:00,25567.099609375,25568.150390625,25561.75,25564.55078125,0
NIFTY,2026-02-19 09:05:00+00:00,25564.05078125,25575.44921875,25563.650390625,25569.900390625,0
NIFTY,2026-02-19 09:06:00+00:00,25569.150390625,25575.55078125,25566.55078125,25567.55078125,0
NIFTY,2026-02-19 09:07:00+00:00,25568.05078125,25574.19921875,25564.349609375,25564.849609375,0
NIFTY,2026-02-19 09:08:00+00:00,25565.19921875,25569.19921875,25561.150390625,25567.19921875,0
NIFTY,2026-02-19 09:09:00+00:00,25565.30078125,25574.30078125,25562.849609375,25567.900390625,0
NIFTY,2026-02-19 09:10:00+00:00,25568.150390625,25573.150390625,25563.099609375,25564.69921875,0
NIFTY,2026-02-19 09:11:00+00:00,25564.599609375,25567.44921875,25551.55078125,25552.650390625,0
NIFTY,2026-02-19 09:12:00+00:00,25550.19921875,25559.5,25547.099609375,25550.30078125,0
NIFTY,2026-02-19 09:13:00+00:00,25547.349609375,25547.69921875,25530.0,25530.5,0
NIFTY,2026-02-19 09:14:00+00:00,25530.5,25532.150390625,25518.25,25518.25,0
NIFTY,2026-02-19 09:15:00+00:00,25517.94921875,25518.0,25507.900390625,25512.349609375,0
NIFTY,2026-02-19 09:16:00+00:00,25513.599609375,25522.19921875,25505.400390625,25506.349609375,0
NIFTY,2026-02-19 09:17:00+00:00,25506.900390625,25508.0,25499.94921875,25502.5,0
NIFTY,2026-02-19 09:18:00+00:00,25502.25,25504.650390625,25489.099609375,25491.55078125,0
NIFTY,2026-02-19 09:19:00+00:00,25490.55078125,25516.349609375,25488.19921875,25515.900390625,0
NIFTY,2026-02-19 09:20:00+00:00,25513.849609375,25522.25,25512.19921875,25514.69921875,0
NIFTY,2026-02-19 09:21:00+00:00,25513.150390625,25523.44921875,25512.599609375,25519.75,0
NIFTY,2026-02-19 09:22:00+00:00,25518.599609375,25524.0,25515.69921875,25520.19921875,0
NIFTY,2026-02-19 09:23:00+00:00,25521.25,25522.849609375,25512.25,25514.400390625,0
NIFTY,2026-02-19 09:24:00+00:00,25515.349609375,25525.599609375,25513.05078125,25522.69921875,0
NIFTY,2026-02-19 09:25:00+00:00,25520.55078125,25524.099609375,25511.099609375,25517.19921875,0
NIFTY,2026-02-19 09:26:00+00:00,25515.80078125,25523.650390625,25513.44921875,25516.599609375,0
NIFTY,2026-02-19 09:27:00+00:00,25516.650390625,25534.349609375,25512.349609375,25533.400390625,0
NIFTY,2026-02-19 09:28:00+00:00,25531.94921875,25532.94921875,25523.0,25530.0,0
NIFTY,2026-02-19 09:29:00+00:00,25528.349609375,25535.400390625,25522.349609375,25523.349609375,0
NIFTY,2026-02-19 09:30:00+00:00,25521.75,25521.75,25501.69921875,25507.05078125,0
NIFTY,2026-02-19 09:31:00+00:00,25506.05078125,25506.05078125,25469.099609375,25472.599609375,0
NIFTY,2026-02-19 09:32:00+00:00,25470.19921875,25493.150390625,25467.25,25493.150390625,0
NIFTY,2026-02-19 09:33:00+00:00,25491.25,25513.25,25491.25,25502.25,0
NIFTY,2026-02-19 09:34:00+00:00,25502.80078125,25509.55078125,25493.55078125,25504.650390625,0
NIFTY,2026-02-19 09:35:00+00:00,25504.400390625,25512.30078125,25500.400390625,25502.599609375,0
NIFTY,2026-02-19 09:36:00+00:00,25500.650390625,25501.75,25473.900390625,25473.900390625,0
NIFTY,2026-02-19 09:37:00+00:00,25474.400390625,25474.400390625,25459.900390625,25461.25,0
NIFTY,2026-02-19 09:38:00+00:00,25462.099609375,25464.94921875,25448.900390625,25464.349609375,0
NIFTY,2026-02-19 09:39:00+00:00,25462.5,25492.849609375,25457.099609375,25489.400390625,0
NIFTY,2026-02-19 09:40:00+00:00,25488.05078125,25498.94921875,25483.80078125,25496.349609375,0
NIFTY,2026-02-19 09:41:00+00:00,25496.099609375,25496.69921875,25479.400390625,25482.69921875,0
NIFTY,2026-02-19 09:42:00+00:00,25483.0,25484.75,25475.05078125,25476.349609375,0
NIFTY,2026-02-19 09:43:00+00:00,25473.5,25474.94921875,25452.900390625,25459.05078125,0
NIFTY,2026-02-19 09:44:00+00:00,25457.0,25459.30078125,25442.0,25447.599609375,0
NIFTY,2026-02-19 09:45:00+00:00,25447.55078125,25447.55078125,25437.849609375,25446.599609375,0
NIFTY,2026-02-19 09:46:00+00:00,25446.25,25446.25,25430.849609375,25442.25,0
NIFTY,2026-02-19 09:47:00+00:00,25439.55078125,25439.55078125,25423.55078125,25429.25,0
NIFTY,2026-02-19 09:48:00+00:00,25429.44921875,25429.44921875,25418.69921875,25421.150390625,0
NIFTY,2026-02-19 09:49:00+00:00,25421.099609375,25421.349609375,25407.94921875,25410.150390625,0
NIFTY,2026-02-19 09:50:00+00:00,25410.30078125,25412.94921875,25398.19921875,25401.650390625,0
NIFTY,2026-02-19 09:51:00+00:00,25400.599609375,25408.25,25390.5,25406.900390625,0
NIFTY,2026-02-19 09:52:00+00:00,25407.150390625,25409.650390625,25394.55078125,25396.25,0
NIFTY,2026-02-19 09:53:00+00:00,25397.05078125,25400.400390625,25394.099609375,25396.900390625,0
NIFTY,2026-02-19 09:54:00+00:00,25399.19921875,25406.150390625,25392.94921875,25404.44921875,0
NIFTY,2026-02-19 09:55:00+00:00,25403.44921875,25405.05078125,25390.55078125,25402.55078125,0
NIFTY,2026-02-19 09:56:00+00:00,25401.69921875,25403.30078125,25395.80078125,25397.75,0
NIFTY,2026-02-19 09:57:00+00:00,25398.150390625,25399.75,25392.650390625,25397.44921875,0
NIFTY,2026-02-19 09:58:00+00:00,25398.44921875,25408.25,25393.849609375,25404.849609375,0
NIFTY,2026-02-19 09:59:00+00:00,25405.80078125,25419.30078125,25401.19921875,25416.44921875,0
NIFTY,2026-02-20 03:45:00+00:00,25406.349609375,25465.80078125,25386.75,25462.400390625,0
NIFTY,2026-02-20 03:46:00+00:00,25465.849609375,25485.5,25456.099609375,25469.05078125,0
NIFTY,2026-02-20 03:47:00+00:00,25471.69921875,25476.400390625,25440.75,25440.75,0
NIFTY,2026-02-20 03:48:00+00:00,25440.849609375,25451.400390625,25421.900390625,25435.55078125,0
NIFTY,2026-02-20 03:49:00+00:00,25437.349609375,25456.19921875,25431.55078125,25452.900390625,0
NIFTY,2026-02-20 03:50:00+00:00,25453.25,25465.80078125,25445.80078125,25458.400390625,0
NIFTY,2026-02-20 03:51:00+00:00,25459.75,25479.44921875,25457.349609375,25465.30078125,0
NIFTY,2026-02-20 03:52:00+00:00,25466.599609375,25473.55078125,25464.099609375,25467.80078125,0
NIFTY,2026-02-20 03:53:00+00:00,25469.94921875,25473.94921875,25450.400390625,25451.94921875,0
NIFTY,2026-02-20 03:54:00+00:00,25451.599609375,25451.650390625,25431.55078125,25431.55078125,0
NIFTY,2026-02-20 03:55:00+00:00,25432.0,25432.0,25411.05078125,25411.19921875,0
NIFTY,2026-02-20 03:56:00+00:00,25411.30078125,25425.599609375,25411.30078125,25417.94921875,0
NIFTY,2026-02-20 03:57:00+00:00,25418.849609375,25429.05078125,25413.69921875,25424.400390625,0
NIFTY,2026-02-20 03:58:00+00:00,25423.80078125,25424.44921875,25407.849609375,25407.849609375,0
NIFTY,2026-02-20 03:59:00+00:00,25407.44921875,25409.05078125,25380.349609375,25382.099609375,0
NIFTY,2026-02-20 04:00:00+00:00,25381.75,25423.44921875,25381.75,25423.44921875,0
NIFTY,2026-02-20 04:01:00+00:00,25424.44921875,25424.44921875,25401.75,25403.400390625,0
NIFTY,2026-02-20 04:02:00+00:00,25402.75,25430.0,25402.05078125,25430.0,0
NIFTY,2026-02-20 04:03:00+00:00,25429.30078125,25453.099609375,25429.30078125,25451.94921875,0
NIFTY,2026-02-20 04:04:00+00:00,25451.94921875,25468.849609375,25450.5,25466.349609375,0
NIFTY,2026-02-20 04:05:00+00:00,25466.599609375,25476.75,25464.099609375,25469.400390625,0
NIFTY,2026-02-20 04:06:00+00:00,25468.900390625,25479.400390625,25466.55078125,25475.5,0
NIFTY,2026-02-20 04:07:00+00:00,25475.349609375,25478.94921875,25464.0,25474.30078125,0
NIFTY,2026-02-20 04:08:00+00:00,25473.400390625,25475.30078125,25456.69921875,25461.55078125,0
NIFTY,2026-02-20 04:09:00+00:00,25461.400390625,25469.150390625,25460.55078125,25469.150390625,0
NIFTY,2026-02-20 04:10:00+00:00,25469.44921875,25469.650390625,25451.55078125,25457.5,0
NIFTY,2026-02-20 04:11:00+00:00,25458.55078125,25461.44921875,25450.349609375,25452.75,0
NIFTY,2026-02-20 04:12:00+00:00,25452.599609375,25475.099609375,25450.44921875,25471.94921875,0
NIFTY,2026-02-20 04:13:00+00:00,25472.55078125,25481.69921875,25470.25,25480.69921875,0
NIFTY,2026-02-20 04:14:00+00:00,25481.349609375,25486.599609375,25477.30078125,25482.30078125,0
NIFTY,2026-02-20 04:15:00+00:00,25481.650390625,25490.25,25480.599609375,25487.5,0
NIFTY,2026-02-20 04:16:00+00:00,25488.19921875,25492.25,25485.599609375,25489.900390625,0
NIFTY,2026-02-20 04:17:00+00:00,25489.69921875,25499.80078125,25489.44921875,25497.94921875,0
NIFTY,2026-02-20 04:18:00+00:00,25497.75,25513.75,25496.69921875,25511.900390625,0
NIFTY,2026-02-20 04:19:00+00:00,25511.44921875,25514.75,25501.650390625,25507.900390625,0
NIFTY,2026-02-20 04:20:00+00:00,25508.05078125,25522.150390625,25508.05078125,25520.69921875,0
NIFTY,2026-02-20 04:21:00+00:00,25520.599609375,25523.849609375,25516.55078125,25520.650390625,0
NIFTY,2026-02-20 04:22:00+00:00,25521.599609375,25523.599609375,25502.0,25502.0,0
NIFTY,2026-02-20 04:23:00+00:00,25502.599609375,25505.75,25499.75,25501.80078125,0
NIFTY,2026-02-20 04:24:00+00:00,25501.80078125,25504.25,25496.599609375,25504.05078125,0
NIFTY,2026-02-20 04:25:00+00:00,25503.900390625,25506.25,25498.55078125,25506.099609375,0
NIFTY,2026-02-20 04:26:00+00:00,25505.650390625,25524.69921875,25505.650390625,25520.150390625,0
NIFTY,2026-02-20 04:27:00+00:00,25520.599609375,25522.849609375,25515.5,25522.099609375,0
NIFTY,2026-02-20 04:28:00+00:00,25521.849609375,25522.099609375,25510.55078125,25514.5,0
NIFTY,2026-02-20 04:29:00+00:00,25514.849609375,25521.19921875,25512.400390625,25520.80078125,0
NIFTY,2026-02-20 04:30:00+00:00,25520.25,25523.44921875,25508.55078125,25511.05078125,0
NIFTY,2026-02-20 04:31:00+00:00,25510.849609375,25516.900390625,25507.94921875,25509.25,0
NIFTY,2026-02-20 04:32:00+00:00,25508.900390625,25509.69921875,25503.05078125,25508.900390625,0
NIFTY,2026-02-20 04:33:00+00:00,25508.150390625,25511.69921875,25491.94921875,25492.05078125,0
NIFTY,2026-02-20 04:34:00+00:00,25492.150390625,25500.5,25492.0,25496.349609375,0
NIFTY,2026-02-20 04:35:00+00:00,25497.44921875,25506.150390625,25497.44921875,25500.05078125,0
NIFTY,2026-02-20 04:36:00+00:00,25499.599609375,25512.599609375,25499.599609375,25509.150390625,0
NIFTY,2026-02-20 04:37:00+00:00,25507.44921875,25507.599609375,25497.30078125,25498.30078125,0
NIFTY,2026-02-20 04:38:00+00:00,25499.94921875,25501.44921875,25477.30078125,25477.69921875,0
NIFTY,2026-02-20 04:39:00+00:00,25478.650390625,25478.650390625,25468.94921875,25475.099609375,0
NIFTY,2026-02-20 04:40:00+00:00,25475.400390625,25486.05078125,25475.400390625,25485.55078125,0
NIFTY,2026-02-20 04:41:00+00:00,25484.900390625,25498.5,25480.80078125,25496.849609375,0
NIFTY,2026-02-20 04:42:00+00:00,25496.25,25501.80078125,25491.44921875,25494.30078125,0
NIFTY,2026-02-20 04:43:00+00:00,25493.44921875,25499.5,25482.849609375,25482.849609375,0
NIFTY,2026-02-20 04:44:00+00:00,25483.650390625,25484.30078125,25474.30078125,25480.44921875,0
NIFTY,2026-02-20 04:45:00+00:00,25479.900390625,25497.400390625,25479.900390625,25495.849609375,0
NIFTY,2026-02-20 04:46:00+00:00,25496.099609375,25518.849609375,25495.0,25517.599609375,0
NIFTY,2026-02-20 04:47:00+00:00,25517.5,25520.599609375,25514.75,25519.150390625,0
NIFTY,2026-02-20 04:48:00+00:00,25519.80078125,25538.55078125,25519.80078125,25536.5,0
NIFTY,2026-02-20 04:49:00+00:00,25537.099609375,25543.0,25535.900390625,25538.05078125,0
NIFTY,2026-02-20 04:50:00+00:00,25538.55078125,25540.599609375,25532.75,25534.55078125,0
NIFTY,2026-02-20 04:51:00+00:00,25534.69921875,25537.44921875,25531.5,25536.19921875,0
NIFTY,2026-02-20 04:52:00+00:00,25535.099609375,25554.650390625,25534.44921875,25546.75,0
NIFTY,2026-02-20 04:53:00+00:00,25546.900390625,25550.599609375,25538.55078125,25539.94921875,0
NIFTY,2026-02-20 04:54:00+00:00,25541.05078125,25546.400390625,25539.5,25544.849609375,0
NIFTY,2026-02-20 04:55:00+00:00,25543.75,25552.849609375,25543.75,25551.94921875,0
NIFTY,2026-02-20 04:56:00+00:00,25551.69921875,25570.900390625,25548.099609375,25569.44921875,0
NIFTY,2026-02-20 04:57:00+00:00,25568.05078125,25572.5,25562.55078125,25562.80078125,0
NIFTY,2026-02-20 04:58:00+00:00,25562.69921875,25563.25,25552.55078125,25552.849609375,0
NIFTY,2026-02-20 04:59:00+00:00,25552.650390625,25554.30078125,25548.099609375,25550.80078125,0
NIFTY,2026-02-20 05:00:00+00:00,25550.94921875,25577.349609375,25550.94921875,25569.80078125,0
NIFTY,2026-02-20 05:01:00+00:00,25568.80078125,25574.0,25565.599609375,25569.349609375,0
NIFTY,2026-02-20 05:02:00+00:00,25568.69921875,25577.75,25568.650390625,25574.150390625,0
NIFTY,2026-02-20 05:03:00+00:00,25574.599609375,25576.900390625,25568.650390625,25576.55078125,0
NIFTY,2026-02-20 05:04:00+00:00,25576.75,25577.099609375,25566.94921875,25570.849609375,0
NIFTY,2026-02-20 05:05:00+00:00,25570.5,25578.150390625,25570.5,25570.55078125,0
NIFTY,2026-02-20 05:06:00+00:00,25570.599609375,25574.80078125,25569.19921875,25569.900390625,0
NIFTY,2026-02-20 05:07:00+00:00,25570.44921875,25574.05078125,25565.650390625,25568.05078125,0
NIFTY,2026-02-20 05:08:00+00:00,25568.25,25569.30078125,25564.150390625,25566.599609375,0
NIFTY,2026-02-20 05:09:00+00:00,25565.75,25578.400390625,25565.75,25578.400390625,0
NIFTY,2026-02-20 05:10:00+00:00,25576.650390625,25595.44921875,25576.30078125,25594.44921875,0
NIFTY,2026-02-20 05:11:00+00:00,25595.099609375,25602.80078125,25594.900390625,25599.75,0
NIFTY,2026-02-20 05:12:00+00:00,25599.099609375,25600.0,25590.349609375,25595.44921875,0
NIFTY,2026-02-20 05:13:00+00:00,25595.44921875,25598.05078125,25594.150390625,25596.349609375,0
NIFTY,2026-02-20 05:14:00+00:00,25597.19921875,25600.30078125,25594.150390625,25596.650390625,0
NIFTY,2026-02-20 05:15:00+00:00,25595.599609375,25606.0,25595.599609375,25604.0,0
NIFTY,2026-02-20 05:16:00+00:00,25603.599609375,25604.900390625,25594.0,25601.599609375,0
NIFTY,2026-02-20 05:17:00+00:00,25600.30078125,25602.650390625,25584.5,25584.75,0
NIFTY,2026-02-20 05:18:00+00:00,25584.150390625,25593.05078125,25581.94921875,25589.599609375,0
NIFTY,2026-02-20 05:19:00+00:00,25589.55078125,25593.25,25583.150390625,25588.75,0
NIFTY,2026-02-20 05:20:00+00:00,25588.849609375,25590.75,25577.05078125,25577.05078125,0
NIFTY,2026-02-20 05:21:00+00:00,25577.849609375,25585.75,25577.650390625,25583.0,0
NIFTY,2026-02-20 05:22:00+00:00,25582.25,25592.05078125,25581.69921875,25589.44921875,0
NIFTY,2026-02-20 05:23:00+00:00,25589.19921875,25593.94921875,25584.400390625,25584.650390625,0
NIFTY,2026-02-20 05:24:00+00:00,25584.5,25591.30078125,25584.5,25587.94921875,0
NIFTY,2026-02-20 05:25:00+00:00,25588.30078125,25591.849609375,25587.55078125,25589.55078125,0
NIFTY,2026-02-20 05:26:00+00:00,25589.099609375,25591.650390625,25586.05078125,25589.599609375,0
NIFTY,2026-02-20 05:27:00+00:00,25589.5,25593.849609375,25587.80078125,25589.349609375,0
NIFTY,2026-02-20 05:28:00+00:00,25589.30078125,25590.0,25574.05078125,25575.25,0
NIFTY,2026-02-20 05:29:00+00:00,25574.349609375,25590.900390625,25574.349609375,25584.19921875,0
NIFTY,2026-02-20 05:30:00+00:00,25584.849609375,25589.30078125,25583.94921875,25589.19921875,0
NIFTY,2026-02-20 05:31:00+00:00,25589.25,25590.30078125,25577.099609375,25578.30078125,0
NIFTY,2026-02-20 05:32:00+00:00,25578.30078125,25580.94921875,25569.30078125,25573.349609375,0
NIFTY,2026-02-20 05:33:00+00:00,25573.150390625,25577.650390625,25571.30078125,25572.150390625,0
NIFTY,2026-02-20 05:34:00+00:00,25572.44921875,25582.599609375,25571.94921875,25579.19921875,0
NIFTY,2026-02-20 05:35:00+00:00,25579.55078125,25586.349609375,25576.80078125,25582.599609375,0
NIFTY,2026-02-20 05:36:00+00:00,25582.400390625,25584.650390625,25574.25,25574.5,0
NIFTY,2026-02-20 05:37:00+00:00,25575.150390625,25579.650390625,25573.400390625,25574.30078125,0
NIFTY,2026-02-20 05:38:00+00:00,25574.25,25574.900390625,25564.849609375,25573.55078125,0
NIFTY,2026-02-20 05:39:00+00:00,25573.30078125,25574.849609375,25568.30078125,25571.0,0
NIFTY,2026-02-20 05:40:00+00:00,25570.400390625,25572.25,25566.80078125,25567.80078125,0
NIFTY,2026-02-20 05:41:00+00:00,25566.75,25573.0,25561.849609375,25571.0,0
NIFTY,2026-02-20 05:42:00+00:00,25571.25,25579.80078125,25570.400390625,25579.80078125,0
NIFTY,2026-02-20 05:43:00+00:00,25579.099609375,25583.900390625,25565.599609375,25566.25,0
NIFTY,2026-02-20 05:44:00+00:00,25566.55078125,25567.099609375,25560.75,25561.849609375,0
NIFTY,2026-02-20 05:45:00+00:00,25563.349609375,25582.94921875,25563.349609375,25579.94921875,0
NIFTY,2026-02-20 05:46:00+00:00,25579.099609375,25580.150390625,25575.599609375,25577.19921875,0
NIFTY,2026-02-20 05:47:00+00:00,25577.25,25577.94921875,25565.94921875,25571.150390625,0
NIFTY,2026-02-20 05:48:00+00:00,25571.30078125,25579.400390625,25571.30078125,25578.0,0
NIFTY,2026-02-20 05:49:00+00:00,25578.0,25582.150390625,25574.5,25577.80078125,0
NIFTY,2026-02-20 05:50:00+00:00,25577.650390625,25582.0,25577.30078125,25577.650390625,0
NIFTY,2026-02-20 05:51:00+00:00,25577.599609375,25583.19921875,25576.19921875,25576.19921875,0
NIFTY,2026-02-20 05:52:00+00:00,25574.80078125,25576.69921875,25566.349609375,25569.69921875,0
NIFTY,2026-02-20 05:53:00+00:00,25569.900390625,25572.05078125,25562.650390625,25563.150390625,0
NIFTY,2026-02-20 05:54:00+00:00,25562.150390625,25571.599609375,25562.150390625,25568.849609375,0
NIFTY,2026-02-20 05:55:00+00:00,25568.400390625,25573.19921875,25563.400390625,25571.5,0
NIFTY,2026-02-20 05:56:00+00:00,25570.80078125,25577.30078125,25568.5,25576.94921875,0
NIFTY,2026-02-20 05:57:00+00:00,25576.849609375,25583.400390625,25576.849609375,25581.05078125,0
NIFTY,2026-02-20 05:58:00+00:00,25581.94921875,25594.849609375,25581.44921875,25592.900390625,0
NIFTY,2026-02-20 05:59:00+00:00,25592.900390625,25597.05078125,25584.55078125,25585.5,0
NIFTY,2026-02-20 06:00:00+00:00,25585.5,25597.349609375,25585.30078125,25596.400390625,0
NIFTY,2026-02-20 06:01:00+00:00,25596.19921875,25602.599609375,25596.19921875,25601.19921875,0
NIFTY,2026-02-20 06:02:00+00:00,25601.80078125,25602.30078125,25586.099609375,25586.69921875,0
NIFTY,2026-02-20 06:03:00+00:00,25586.650390625,25592.75,25580.25,25591.599609375,0
NIFTY,2026-02-20 06:04:00+00:00,25591.099609375,25595.150390625,25589.75,25593.900390625,0
NIFTY,2026-02-20 06:05:00+00:00,25593.25,25595.80078125,25591.0,25591.5,0
NIFTY,2026-02-20 06:06:00+00:00,25591.19921875,25597.19921875,25586.05078125,25596.150390625,0
NIFTY,2026-02-20 06:07:00+00:00,25596.400390625,25600.900390625,25594.75,25600.900390625,0
NIFTY,2026-02-20 06:08:00+00:00,25600.599609375,25605.19921875,25598.150390625,25600.150390625,0
NIFTY,2026-02-20 06:09:00+00:00,25600.19921875,25604.05078125,25597.19921875,25599.650390625,0
NIFTY,2026-02-20 06:10:00+00:00,25599.75,25605.0,25598.900390625,25598.900390625,0
NIFTY,2026-02-20 06:11:00+00:00,25599.400390625,25606.44921875,25595.44921875,25602.349609375,0
NIFTY,2026-02-20 06:12:00+00:00,25602.349609375,25606.650390625,25596.599609375,25601.30078125,0
NIFTY,2026-02-20 06:13:00+00:00,25600.849609375,25602.55078125,25597.80078125,25600.400390625,0
NIFTY,2026-02-20 06:14:00+00:00,25600.55078125,25603.19921875,25599.55078125,25600.849609375,0
NIFTY,2026-02-20 06:15:00+00:00,25600.25,25608.69921875,25600.05078125,25605.05078125,0
NIFTY,2026-02-20 06:16:00+00:00,25605.150390625,25620.05078125,25604.25,25618.599609375,0
NIFTY,2026-02-20 06:17:00+00:00,25617.349609375,25619.80078125,25607.19921875,25607.19921875,0
NIFTY,2026-02-20 06:18:00+00:00,25607.150390625,25609.19921875,25591.55078125,25592.150390625,0
NIFTY,2026-02-20 06:19:00+00:00,25591.94921875,25594.0,25586.94921875,25592.400390625,0
NIFTY,2026-02-20 06:20:00+00:00,25592.30078125,25593.849609375,25588.44921875,25592.5,0
NIFTY,2026-02-20 06:21:00+00:00,25592.69921875,25598.25,25592.69921875,25595.80078125,0
NIFTY,2026-02-20 06:22:00+00:00,25595.650390625,25600.849609375,25594.599609375,25597.69921875,0
NIFTY,2026-02-20 06:23:00+00:00,25597.55078125,25599.650390625,25593.80078125,25593.80078125,0
NIFTY,2026-02-20 06:24:00+00:00,25594.55078125,25596.55078125,25582.650390625,25583.849609375,0
NIFTY,2026-02-20 06:25:00+00:00,25583.599609375,25587.099609375,25581.099609375,25586.94921875,0
NIFTY,2026-02-20 06:26:00+00:00,25587.400390625,25592.099609375,25586.849609375,25590.80078125,0
NIFTY,2026-02-20 06:27:00+00:00,25589.900390625,25605.349609375,25589.900390625,25604.94921875,0
NIFTY,2026-02-20 06:28:00+00:00,25604.900390625,25610.75,25601.19921875,25607.19921875,0
NIFTY,2026-02-20 06:29:00+00:00,25607.0,25608.150390625,25597.05078125,25598.150390625,0
NIFTY,2026-02-20 06:30:00+00:00,25597.80078125,25602.05078125,25595.650390625,25597.05078125,0
NIFTY,2026-02-20 06:31:00+00:00,25596.94921875,25598.55078125,25587.150390625,25588.349609375,0
NIFTY,2026-02-20 06:32:00+00:00,25588.25,25588.400390625,25580.55078125,25582.599609375,0
NIFTY,2026-02-20 06:33:00+00:00,25583.44921875,25589.099609375,25583.400390625,25583.94921875,0
NIFTY,2026-02-20 06:34:00+00:00,25583.900390625,25588.099609375,25582.94921875,25587.30078125,0
NIFTY,2026-02-20 06:35:00+00:00,25586.75,25590.099609375,25584.400390625,25585.30078125,0
NIFTY,2026-02-20 06:36:00+00:00,25585.400390625,25590.900390625,25583.650390625,25588.849609375,0
NIFTY,2026-02-20 06:37:00+00:00,25588.0,25590.94921875,25583.55078125,25585.900390625,0
NIFTY,2026-02-20 06:38:00+00:00,25586.55078125,25592.349609375,25586.55078125,25588.94921875,0
NIFTY,2026-02-20 06:39:00+00:00,25588.599609375,25594.05078125,25582.80078125,25592.80078125,0
NIFTY,2026-02-20 06:40:00+00:00,25592.44921875,25596.650390625,25591.19921875,25593.900390625,0
NIFTY,2026-02-20 06:41:00+00:00,25593.400390625,25597.30078125,25592.80078125,25595.599609375,0
NIFTY,2026-02-20 06:42:00+00:00,25595.599609375,25596.44921875,25591.19921875,25594.25,0
NIFTY,2026-02-20 06:43:00+00:00,25594.25,25598.900390625,25592.849609375,25598.150390625,0
NIFTY,2026-02-20 06:44:00+00:00,25598.650390625,25604.5,25598.19921875,25603.099609375,0
NIFTY,2026-02-20 06:45:00+00:00,25602.44921875,25613.75,25602.099609375,25611.80078125,0
NIFTY,2026-02-20 06:46:00+00:00,25610.44921875,25620.80078125,25610.44921875,25617.55078125,0
NIFTY,2026-02-20 06:47:00+00:00,25616.900390625,25632.80078125,25616.900390625,25625.75,0
NIFTY,2026-02-20 06:48:00+00:00,25625.099609375,25636.05078125,25625.099609375,25635.900390625,0
NIFTY,2026-02-20 06:49:00+00:00,25636.05078125,25639.599609375,25631.94921875,25634.900390625,0
NIFTY,2026-02-20 06:50:00+00:00,25635.19921875,25646.900390625,25635.19921875,25640.0,0
NIFTY,2026-02-20 06:51:00+00:00,25640.19921875,25646.0,25638.30078125,25644.5,0
NIFTY,2026-02-20 06:52:00+00:00,25644.05078125,25648.849609375,25640.650390625,25648.30078125,0
NIFTY,2026-02-20 06:53:00+00:00,25648.099609375,25651.099609375,25646.55078125,25648.94921875,0
NIFTY,2026-02-20 06:54:00+00:00,25648.349609375,25651.19921875,25647.349609375,25648.099609375,0
NIFTY,2026-02-20 06:55:00+00:00,25648.05078125,25649.94921875,25646.650390625,25647.55078125,0
NIFTY,2026-02-20 06:56:00+00:00,25647.599609375,25662.650390625,25647.25,25662.5,0
NIFTY,2026-02-20 06:57:00+00:00,25661.900390625,25663.349609375,25651.400390625,25654.80078125,0
NIFTY,2026-02-20 06:58:00+00:00,25654.55078125,25661.94921875,25652.55078125,25656.05078125,0
NIFTY,2026-02-20 06:59:00+00:00,25655.650390625,25661.69921875,25651.099609375,25653.44921875,0
NIFTY,2026-02-20 07:00:00+00:00,25652.94921875,25657.5,25652.349609375,25654.599609375,0
NIFTY,2026-02-20 07:01:00+00:00,25654.599609375,25658.349609375,25653.150390625,25657.650390625,0
NIFTY,2026-02-20 07:02:00+00:00,25656.75,25657.5,25650.650390625,25650.650390625,0
NIFTY,2026-02-20 07:03:00+00:00,25650.5,25653.349609375,25640.599609375,25641.69921875,0
NIFTY,2026-02-20 07:04:00+00:00,25641.44921875,25645.849609375,25641.05078125,25643.0,0
NIFTY,2026-02-20 07:05:00+00:00,25643.349609375,25649.19921875,25643.349609375,25645.44921875,0
NIFTY,2026-02-20 07:06:00+00:00,25645.099609375,25648.5,25641.900390625,25643.5,0
NIFTY,2026-02-20 07:07:00+00:00,25642.44921875,25645.05078125,25634.94921875,25637.150390625,0
NIFTY,2026-02-20 07:08:00+00:00,25636.30078125,25642.25,25635.099609375,25636.5,0
NIFTY,2026-02-20 07:09:00+00:00,25635.150390625,25637.19921875,25632.0,25632.75,0
NIFTY,2026-02-20 07:10:00+00:00,25633.349609375,25636.94921875,25631.400390625,25632.150390625,0
NIFTY,2026-02-20 07:11:00+00:00,25631.69921875,25636.80078125,25629.80078125,25629.80078125,0
NIFTY,2026-02-20 07:12:00+00:00,25630.099609375,25633.69921875,25624.25,25626.05078125,0
NIFTY,2026-02-20 07:13:00+00:00,25624.94921875,25627.55078125,25608.80078125,25609.19921875,0
NIFTY,2026-02-20 07:14:00+00:00,25609.80078125,25611.55078125,25604.94921875,25606.80078125,0
NIFTY,2026-02-20 07:15:00+00:00,25605.94921875,25606.650390625,25599.94921875,25600.69921875,0
NIFTY,2026-02-20 07:16:00+00:00,25601.94921875,25603.25,25588.44921875,25593.05078125,0
NIFTY,2026-02-20 07:17:00+00:00,25593.099609375,25600.849609375,25592.349609375,25599.69921875,0
NIFTY,2026-02-20 07:18:00+00:00,25600.05078125,25619.650390625,25600.05078125,25619.099609375,0
NIFTY,2026-02-20 07:19:00+00:00,25618.599609375,25623.849609375,25608.30078125,25608.55078125,0
NIFTY,2026-02-20 07:20:00+00:00,25607.55078125,25610.75,25605.0,25607.19921875,0
NIFTY,2026-02-20 07:21:00+00:00,25607.0,25612.5,25606.44921875,25611.80078125,0
NIFTY,2026-02-20 07:22:00+00:00,25611.349609375,25611.80078125,25608.349609375,25610.80078125,0
NIFTY,2026-02-20 07:23:00+00:00,25610.849609375,25612.150390625,25600.650390625,25602.05078125,0
NIFTY,2026-02-20 07:24:00+00:00,25602.30078125,25613.69921875,25602.30078125,25612.25,0
NIFTY,2026-02-20 07:25:00+00:00,25612.099609375,25613.19921875,25606.94921875,25608.19921875,0
NIFTY,2026-02-20 07:26:00+00:00,25608.69921875,25609.30078125,25589.80078125,25591.349609375,0
NIFTY,2026-02-20 07:27:00+00:00,25591.19921875,25592.400390625,25578.44921875,25578.44921875,0
NIFTY,2026-02-20 07:28:00+00:00,25579.69921875,25584.849609375,25573.30078125,25584.849609375,0
NIFTY,2026-02-20 07:29:00+00:00,25585.0,25594.599609375,25585.0,25594.599609375,0
NIFTY,2026-02-20 07:30:00+00:00,25594.25,25609.75,25594.25,25605.900390625,0
NIFTY,2026-02-20 07:31:00+00:00,25606.150390625,25607.94921875,25602.349609375,25604.5,0
NIFTY,2026-02-20 07:32:00+00:00,25604.69921875,25605.80078125,25589.55078125,25589.55078125,0
NIFTY,2026-02-20 07:33:00+00:00,25589.80078125,25592.5,25585.75,25586.349609375,0
NIFTY,2026-02-20 07:34:00+00:00,25586.05078125,25592.400390625,25585.5,25587.900390625,0
NIFTY,2026-02-20 07:35:00+00:00,25588.25,25588.900390625,25582.30078125,25582.5,0
NIFTY,2026-02-20 07:36:00+00:00,25582.400390625,25584.400390625,25578.05078125,25579.400390625,0
NIFTY,2026-02-20 07:37:00+00:00,25579.349609375,25580.05078125,25571.5,25572.05078125,0
NIFTY,2026-02-20 07:38:00+00:00,25571.80078125,25573.5,25561.25,25568.69921875,0
NIFTY,2026-02-20 07:39:00+00:00,25567.80078125,25570.400390625,25560.80078125,25561.94921875,0
NIFTY,2026-02-20 07:40:00+00:00,25562.349609375,25566.30078125,25553.150390625,25554.05078125,0
NIFTY,2026-02-20 07:41:00+00:00,25553.400390625,25554.900390625,25535.75,25539.75,0
NIFTY,2026-02-20 07:42:00+00:00,25539.849609375,25545.0,25536.849609375,25539.80078125,0
NIFTY,2026-02-20 07:43:00+00:00,25540.099609375,25555.5,25540.099609375,25555.5,0
NIFTY,2026-02-20 07:44:00+00:00,25556.25,25559.599609375,25553.849609375,25554.599609375,0
NIFTY,2026-02-20 07:45:00+00:00,25554.5,25554.5,25543.150390625,25543.44921875,0
NIFTY,2026-02-20 07:46:00+00:00,25543.5,25549.05078125,25538.900390625,25548.69921875,0
NIFTY,2026-02-20 07:47:00+00:00,25548.5,25559.150390625,25548.5,25549.599609375,0
NIFTY,2026-02-20 07:48:00+00:00,25549.80078125,25552.5,25541.55078125,25542.599609375,0
NIFTY,2026-02-20 07:49:00+00:00,25543.55078125,25547.349609375,25539.05078125,25546.30078125,0
NIFTY,2026-02-20 07:50:00+00:00,25545.650390625,25551.400390625,25544.099609375,25544.69921875,0
NIFTY,2026-02-20 07:51:00+00:00,25544.44921875,25544.69921875,25532.0,25533.55078125,0
NIFTY,2026-02-20 07:52:00+00:00,25533.69921875,25546.849609375,25533.69921875,25545.94921875,0
NIFTY,2026-02-20 07:53:00+00:00,25544.599609375,25546.05078125,25537.05078125,25538.94921875,0
NIFTY,2026-02-20 07:54:00+00:00,25539.849609375,25551.44921875,25539.349609375,25549.849609375,0
NIFTY,2026-02-20 07:55:00+00:00,25549.19921875,25551.80078125,25540.30078125,25550.099609375,0
NIFTY,2026-02-20 07:56:00+00:00,25551.900390625,25557.19921875,25547.849609375,25552.94921875,0
NIFTY,2026-02-20 07:57:00+00:00,25552.150390625,25560.150390625,25548.5,25557.05078125,0
NIFTY,2026-02-20 07:58:00+00:00,25556.099609375,25573.19921875,25554.599609375,25570.349609375,0
NIFTY,2026-02-20 07:59:00+00:00,25569.19921875,25573.30078125,25563.94921875,25568.5,0
NIFTY,2026-02-20 08:00:00+00:00,25567.5,25582.599609375,25565.650390625,25575.349609375,0
NIFTY,2026-02-20 08:01:00+00:00,25574.599609375,25584.150390625,25573.900390625,25580.650390625,0
NIFTY,2026-02-20 08:02:00+00:00,25579.400390625,25587.5,25578.05078125,25585.69921875,0
NIFTY,2026-02-20 08:03:00+00:00,25584.80078125,25587.0,25578.55078125,25582.05078125,0
NIFTY,2026-02-20 08:04:00+00:00,25582.150390625,25593.5,25580.94921875,25593.5,0
NIFTY,2026-02-20 08:05:00+00:00,25593.5,25609.599609375,25591.55078125,25606.900390625,0
NIFTY,2026-02-20 08:06:00+00:00,25606.55078125,25606.55078125,25583.849609375,25583.849609375,0
NIFTY,2026-02-20 08:07:00+00:00,25583.599609375,25585.0,25575.05078125,25581.80078125,0
NIFTY,2026-02-20 08:08:00+00:00,25582.19921875,25587.150390625,25579.099609375,25579.099609375,0
NIFTY,2026-02-20 08:09:00+00:00,25579.94921875,25581.400390625,25568.69921875,25573.19921875,0
NIFTY,2026-02-20 08:10:00+00:00,25574.75,25578.5,25571.30078125,25571.30078125,0
NIFTY,2026-02-20 08:11:00+00:00,25571.94921875,25575.5,25569.25,25570.30078125,0
NIFTY,2026-02-20 08:12:00+00:00,25570.5,25571.80078125,25556.0,25561.94921875,0
NIFTY,2026-02-20 08:13:00+00:00,25562.55078125,25580.099609375,25562.55078125,25576.900390625,0
NIFTY,2026-02-20 08:14:00+00:00,25577.0,25580.05078125,25572.150390625,25573.0,0
NIFTY,2026-02-20 08:15:00+00:00,25572.849609375,25587.400390625,25572.849609375,25577.849609375,0
NIFTY,2026-02-20 08:16:00+00:00,25577.19921875,25580.05078125,25570.599609375,25575.349609375,0
NIFTY,2026-02-20 08:17:00+00:00,25575.19921875,25576.75,25570.099609375,25572.80078125,0
NIFTY,2026-02-20 08:18:00+00:00,25572.650390625,25577.94921875,25568.75,25577.55078125,0
NIFTY,2026-02-20 08:19:00+00:00,25577.150390625,25585.099609375,25575.80078125,25580.900390625,0
NIFTY,2026-02-20 08:20:00+00:00,25580.900390625,25583.05078125,25579.599609375,25581.05078125,0
NIFTY,2026-02-20 08:21:00+00:00,25581.099609375,25583.25,25576.0,25576.400390625,0
NIFTY,2026-02-20 08:22:00+00:00,25576.349609375,25578.80078125,25571.80078125,25572.25,0
NIFTY,2026-02-20 08:23:00+00:00,25572.599609375,25576.30078125,25572.05078125,25574.900390625,0
NIFTY,2026-02-20 08:24:00+00:00,25575.0,25576.099609375,25565.150390625,25565.19921875,0
NIFTY,2026-02-20 08:25:00+00:00,25564.900390625,25574.099609375,25561.400390625,25573.05078125,0
NIFTY,2026-02-20 08:26:00+00:00,25573.75,25578.94921875,25568.30078125,25576.25,0
NIFTY,2026-02-20 08:27:00+00:00,25576.94921875,25587.75,25575.400390625,25585.55078125,0
NIFTY,2026-02-20 08:28:00+00:00,25585.75,25602.900390625,25585.19921875,25598.19921875,0
NIFTY,2026-02-20 08:29:00+00:00,25597.349609375,25602.099609375,25593.19921875,25601.150390625,0
NIFTY,2026-02-20 08:30:00+00:00,25600.75,25603.94921875,25595.849609375,25599.94921875,0
NIFTY,2026-02-20 08:31:00+00:00,25599.5,25611.80078125,25599.150390625,25604.75,0
NIFTY,2026-02-20 08:32:00+00:00,25604.599609375,25606.099609375,25593.75,25595.30078125,0
NIFTY,2026-02-20 08:33:00+00:00,25595.69921875,25603.69921875,25595.0,25597.650390625,0
NIFTY,2026-02-20 08:34:00+00:00,25597.650390625,25602.44921875,25593.0,25593.0,0
NIFTY,2026-02-20 08:35:00+00:00,25592.19921875,25593.400390625,25577.44921875,25586.80078125,0
NIFTY,2026-02-20 08:36:00+00:00,25587.400390625,25592.94921875,25585.80078125,25590.599609375,0
NIFTY,2026-02-20 08:37:00+00:00,25591.30078125,25600.94921875,25586.400390625,25599.25,0
NIFTY,2026-02-20 08:38:00+00:00,25598.650390625,25601.849609375,25592.94921875,25593.94921875,0
NIFTY,2026-02-20 08:39:00+00:00,25594.25,25597.5,25592.30078125,25596.150390625,0
NIFTY,2026-02-20 08:40:00+00:00,25595.849609375,25599.94921875,25594.44921875,25595.0,0
NIFTY,2026-02-20 08:41:00+00:00,25594.650390625,25601.900390625,25591.849609375,25598.150390625,0
NIFTY,2026-02-20 08:42:00+00:00,25598.80078125,25600.69921875,25592.349609375,25596.150390625,0
NIFTY,2026-02-20 08:43:00+00:00,25595.75,25598.400390625,25591.80078125,25598.400390625,0
NIFTY,2026-02-20 08:44:00+00:00,25598.5,25602.150390625,25596.05078125,25602.150390625,0
NIFTY,2026-02-20 08:45:00+00:00,25601.650390625,25612.099609375,25601.650390625,25611.94921875,0
NIFTY,2026-02-20 08:46:00+00:00,25611.05078125,25621.099609375,25611.05078125,25617.5,0
NIFTY,2026-02-20 08:47:00+00:00,25618.900390625,25621.900390625,25616.0,25621.900390625,0
NIFTY,2026-02-20 08:48:00+00:00,25623.55078125,25631.0,25621.44921875,25628.599609375,0
NIFTY,2026-02-20 08:49:00+00:00,25631.150390625,25632.80078125,25625.150390625,25630.55078125,0
NIFTY,2026-02-20 08:50:00+00:00,25630.5,25630.55078125,25620.5,25621.349609375,0
NIFTY,2026-02-20 08:51:00+00:00,25621.94921875,25634.0,25620.849609375,25632.55078125,0
NIFTY,2026-02-20 08:52:00+00:00,25632.5,25634.150390625,25621.650390625,25621.900390625,0
NIFTY,2026-02-20 08:53:00+00:00,25622.599609375,25623.849609375,25610.150390625,25610.349609375,0
NIFTY,2026-02-20 08:54:00+00:00,25609.55078125,25614.05078125,25602.5,25604.55078125,0
NIFTY,2026-02-20 08:55:00+00:00,25604.349609375,25607.30078125,25599.849609375,25603.80078125,0
NIFTY,2026-02-20 08:56:00+00:00,25603.599609375,25606.80078125,25594.400390625,25596.30078125,0
NIFTY,2026-02-20 08:57:00+00:00,25597.0,25603.30078125,25594.44921875,25595.900390625,0
NIFTY,2026-02-20 08:58:00+00:00,25594.44921875,25596.44921875,25587.05078125,25593.75,0
NIFTY,2026-02-20 08:59:00+00:00,25593.80078125,25600.650390625,25591.099609375,25591.099609375,0
NIFTY,2026-02-20 09:00:00+00:00,25592.0,25598.0,25585.900390625,25595.30078125,0
NIFTY,2026-02-20 09:01:00+00:00,25595.349609375,25601.44921875,25595.349609375,25599.05078125,0
NIFTY,2026-02-20 09:02:00+00:00,25599.650390625,25603.44921875,25595.25,25599.849609375,0
NIFTY,2026-02-20 09:03:00+00:00,25599.75,25601.05078125,25595.0,25599.599609375,0
NIFTY,2026-02-20 09:04:00+00:00,25600.19921875,25604.849609375,25597.05078125,25600.75,0
NIFTY,2026-02-20 09:05:00+00:00,25600.69921875,25615.44921875,25600.69921875,25614.55078125,0
NIFTY,2026-02-20 09:06:00+00:00,25615.099609375,25617.44921875,25605.30078125,25611.19921875,0
NIFTY,2026-02-20 09:07:00+00:00,25610.849609375,25612.75,25603.94921875,25603.94921875,0
NIFTY,2026-02-20 09:08:00+00:00,25602.19921875,25604.25,25595.75,25596.849609375,0
NIFTY,2026-02-20 09:09:00+00:00,25597.349609375,25611.44921875,25596.900390625,25607.75,0
NIFTY,2026-02-20 09:10:00+00:00,25607.5,25617.349609375,25607.5,25612.05078125,0
NIFTY,2026-02-20 09:11:00+00:00,25611.80078125,25614.55078125,25607.05078125,25614.55078125,0
NIFTY,2026-02-20 09:12:00+00:00,25614.099609375,25615.44921875,25609.94921875,25613.349609375,0
NIFTY,2026-02-20 09:13:00+00:00,25613.400390625,25620.0,25611.69921875,25619.650390625,0
NIFTY,2026-02-20 09:14:00+00:00,25619.80078125,25637.599609375,25617.75,25625.55078125,0
NIFTY,2026-02-20 09:15:00+00:00,25625.94921875,25640.69921875,25625.94921875,25639.44921875,0
NIFTY,2026-02-20 09:16:00+00:00,25639.400390625,25642.400390625,25634.80078125,25641.150390625,0
NIFTY,2026-02-20 09:17:00+00:00,25640.599609375,25642.150390625,25630.75,25635.650390625,0
NIFTY,2026-02-20 09:18:00+00:00,25637.19921875,25649.44921875,25636.25,25647.75,0
NIFTY,2026-02-20 09:19:00+00:00,25648.55078125,25652.849609375,25644.80078125,25649.849609375,0
NIFTY,2026-02-20 09:20:00+00:00,25649.94921875,25650.599609375,25633.25,25634.19921875,0
NIFTY,2026-02-20 09:21:00+00:00,25633.44921875,25634.05078125,25614.599609375,25625.80078125,0
NIFTY,2026-02-20 09:22:00+00:00,25626.05078125,25633.75,25623.05078125,25632.849609375,0
NIFTY,2026-02-20 09:23:00+00:00,25632.44921875,25634.30078125,25624.25,25625.19921875,0
NIFTY,2026-02-20 09:24:00+00:00,25625.900390625,25633.400390625,25624.150390625,25632.55078125,0
NIFTY,2026-02-20 09:25:00+00:00,25632.099609375,25638.30078125,25630.0,25636.150390625,0
NIFTY,2026-02-20 09:26:00+00:00,25636.05078125,25637.099609375,25630.44921875,25635.25,0
NIFTY,2026-02-20 09:27:00+00:00,25635.099609375,25635.94921875,25629.30078125,25630.099609375,0
NIFTY,2026-02-20 09:28:00+00:00,25630.150390625,25634.599609375,25629.150390625,25633.30078125,0
NIFTY,2026-02-20 09:29:00+00:00,25633.650390625,25642.80078125,25633.650390625,25642.80078125,0
NIFTY,2026-02-20 09:30:00+00:00,25646.900390625,25649.650390625,25623.05078125,25623.05078125,0
NIFTY,2026-02-20 09:31:00+00:00,25623.19921875,25629.150390625,25620.900390625,25627.599609375,0
NIFTY,2026-02-20 09:32:00+00:00,25627.150390625,25629.55078125,25610.099609375,25610.599609375,0
NIFTY,2026-02-20 09:33:00+00:00,25611.349609375,25616.69921875,25609.80078125,25612.69921875,0
NIFTY,2026-02-20 09:34:00+00:00,25611.30078125,25612.099609375,25595.30078125,25598.0,0
NIFTY,2026-02-20 09:35:00+00:00,25597.05078125,25598.80078125,25593.94921875,25594.55078125,0
NIFTY,2026-02-20 09:36:00+00:00,25589.69921875,25590.349609375,25581.099609375,25583.55078125,0
NIFTY,2026-02-20 09:37:00+00:00,25583.55078125,25584.25,25571.80078125,25572.150390625,0
NIFTY,2026-02-20 09:38:00+00:00,25572.599609375,25579.400390625,25570.349609375,25578.650390625,0
NIFTY,2026-02-20 09:39:00+00:00,25578.30078125,25582.150390625,25572.599609375,25574.19921875,0
NIFTY,2026-02-20 09:40:00+00:00,25573.69921875,25576.05078125,25566.55078125,25567.19921875,0
NIFTY,2026-02-20 09:41:00+00:00,25567.25,25572.55078125,25565.94921875,25566.69921875,0
NIFTY,2026-02-20 09:42:00+00:00,25567.5,25567.849609375,25564.19921875,25565.75,0
NIFTY,2026-02-20 09:43:00+00:00,25566.400390625,25568.55078125,25564.25,25566.349609375,0
NIFTY,2026-02-20 09:44:00+00:00,25566.69921875,25574.0,25563.0,25571.94921875,0
NIFTY,2026-02-20 09:45:00+00:00,25570.849609375,25571.94921875,25566.349609375,25569.349609375,0
NIFTY,2026-02-20 09:46:00+00:00,25568.849609375,25572.599609375,25568.650390625,25570.75,0
NIFTY,2026-02-20 09:47:00+00:00,25570.80078125,25571.94921875,25566.150390625,25567.44921875,0
NIFTY,2026-02-20 09:48:00+00:00,25566.80078125,25568.150390625,25563.80078125,25565.80078125,0
NIFTY,2026-02-20 09:49:00+00:00,25565.75,25566.150390625,25552.30078125,25554.44921875,0
NIFTY,2026-02-20 09:50:00+00:00,25553.0,25554.099609375,25541.5,25545.0,0
NIFTY,2026-02-20 09:51:00+00:00,25543.849609375,25544.80078125,25539.150390625,25540.30078125,0
NIFTY,2026-02-20 09:52:00+00:00,25541.349609375,25568.349609375,25538.900390625,25564.849609375,0
NIFTY,2026-02-20 09:53:00+00:00,25562.55078125,25564.30078125,25555.30078125,25559.099609375,0
NIFTY,2026-02-20 09:54:00+00:00,25557.900390625,25567.05078125,25554.099609375,25567.0,0
NIFTY,2026-02-20 09:55:00+00:00,25566.30078125,25571.69921875,25562.75,25567.19921875,0
NIFTY,2026-02-20 09:56:00+00:00,25566.150390625,25566.75,25551.650390625,25555.30078125,0
NIFTY,2026-02-20 09:57:00+00:00,25554.80078125,25567.19921875,25551.94921875,25566.0,0
NIFTY,2026-02-20 09:58:00+00:00,25566.5,25575.55078125,25563.599609375,25569.900390625,0
NIFTY,2026-02-20 09:59:00+00:00,25569.94921875,25577.44921875,25561.25,25565.900390625,0
NIFTY,2026-02-23 03:45:00+00:00,25678.400390625,25678.400390625,25633.30078125,25637.099609375,0
NIFTY,2026-02-23 03:46:00+00:00,25634.400390625,25668.650390625,25627.150390625,25662.0,0
NIFTY,2026-02-23 03:47:00+00:00,25661.55078125,25701.849609375,25660.150390625,25701.849609375,0
NIFTY,2026-02-23 03:48:00+00:00,25701.099609375,25706.650390625,25682.30078125,25693.19921875,0
NIFTY,2026-02-23 03:49:00+00:00,25693.94921875,25705.94921875,25690.80078125,25698.349609375,0
NIFTY,2026-02-23 03:50:00+00:00,25697.400390625,25723.55078125,25697.05078125,25720.900390625,0
NIFTY,2026-02-23 03:51:00+00:00,25721.599609375,25727.849609375,25716.25,25716.25,0
NIFTY,2026-02-23 03:52:00+00:00,25716.349609375,25721.650390625,25707.599609375,25713.849609375,0
NIFTY,2026-02-23 03:53:00+00:00,25712.400390625,25731.650390625,25711.0,25731.650390625,0
NIFTY,2026-02-23 03:54:00+00:00,25731.349609375,25740.650390625,25728.650390625,25737.349609375,0
NIFTY,2026-02-23 03:55:00+00:00,25736.30078125,25743.05078125,25732.55078125,25739.099609375,0
NIFTY,2026-02-23 03:56:00+00:00,25739.349609375,25754.69921875,25738.349609375,25749.25,0
NIFTY,2026-02-23 03:57:00+00:00,25749.69921875,25754.849609375,25746.150390625,25754.75,0
NIFTY,2026-02-23 03:58:00+00:00,25759.0,25766.44921875,25753.80078125,25754.75,0
NIFTY,2026-02-23 03:59:00+00:00,25753.349609375,25760.0,25747.19921875,25760.0,0
NIFTY,2026-02-23 04:00:00+00:00,25759.05078125,25770.69921875,25759.05078125,25768.650390625,0
NIFTY,2026-02-23 04:01:00+00:00,25768.80078125,25770.25,25746.75,25747.5,0
NIFTY,2026-02-23 04:02:00+00:00,25747.25,25751.75,25738.05078125,25746.55078125,0
NIFTY,2026-02-23 04:03:00+00:00,25746.25,25749.099609375,25740.099609375,25744.349609375,0
NIFTY,2026-02-23 04:04:00+00:00,25744.099609375,25745.30078125,25736.900390625,25740.5,0
NIFTY,2026-02-23 04:05:00+00:00,25740.400390625,25761.900390625,25739.0,25749.30078125,0
NIFTY,2026-02-23 04:06:00+00:00,25749.44921875,25758.05078125,25742.900390625,25757.150390625,0
NIFTY,2026-02-23 04:07:00+00:00,25756.650390625,25758.30078125,25753.150390625,25756.69921875,0
NIFTY,2026-02-23 04:08:00+00:00,25757.30078125,25768.25,25748.900390625,25748.900390625,0
NIFTY,2026-02-23 04:09:00+00:00,25747.400390625,25747.849609375,25728.5,25728.69921875,0
NIFTY,2026-02-23 04:10:00+00:00,25728.69921875,25730.69921875,25720.80078125,25720.80078125,0
NIFTY,2026-02-23 04:11:00+00:00,25719.849609375,25731.55078125,25718.599609375,25729.599609375,0
NIFTY,2026-02-23 04:12:00+00:00,25730.0,25737.400390625,25729.0,25733.55078125,0
NIFTY,2026-02-23 04:13:00+00:00,25733.69921875,25739.30078125,25732.5,25735.19921875,0
NIFTY,2026-02-23 04:14:00+00:00,25735.5,25740.5,25730.0,25730.25,0
NIFTY,2026-02-23 04:15:00+00:00,25730.25,25740.25,25730.25,25737.69921875,0
NIFTY,2026-02-23 04:16:00+00:00,25736.5,25739.099609375,25727.150390625,25727.150390625,0
NIFTY,2026-02-23 04:17:00+00:00,25728.099609375,25743.69921875,25727.599609375,25738.099609375,0
NIFTY,2026-02-23 04:18:00+00:00,25738.150390625,25748.099609375,25736.0,25743.650390625,0
NIFTY,2026-02-23 04:19:00+00:00,25744.099609375,25749.0,25740.349609375,25741.400390625,0
NIFTY,2026-02-23 04:20:00+00:00,25740.599609375,25744.0,25731.400390625,25734.19921875,0
NIFTY,2026-02-23 04:21:00+00:00,25733.94921875,25746.650390625,25733.94921875,25741.849609375,0
NIFTY,2026-02-23 04:22:00+00:00,25741.849609375,25743.19921875,25736.099609375,25739.849609375,0
NIFTY,2026-02-23 04:23:00+00:00,25739.5,25739.5,25714.599609375,25714.849609375,0
NIFTY,2026-02-23 04:24:00+00:00,25715.30078125,25719.0,25711.099609375,25716.80078125,0
NIFTY,2026-02-23 04:25:00+00:00,25717.900390625,25728.80078125,25711.94921875,25723.80078125,0
NIFTY,2026-02-23 04:26:00+00:00,25725.099609375,25743.94921875,25725.099609375,25738.44921875,0
NIFTY,2026-02-23 04:27:00+00:00,25738.30078125,25739.900390625,25728.55078125,25729.19921875,0
NIFTY,2026-02-23 04:28:00+00:00,25728.80078125,25731.05078125,25720.19921875,25727.900390625,0
NIFTY,2026-02-23 04:29:00+00:00,25728.0,25733.5,25725.80078125,25729.19921875,0
NIFTY,2026-02-23 04:30:00+00:00,25728.650390625,25731.75,25721.69921875,25722.849609375,0
NIFTY,2026-02-23 04:31:00+00:00,25722.650390625,25730.849609375,25721.05078125,25729.099609375,0
NIFTY,2026-02-23 04:32:00+00:00,25729.69921875,25734.5,25726.19921875,25730.69921875,0
NIFTY,2026-02-23 04:33:00+00:00,25731.30078125,25735.5,25730.400390625,25732.150390625,0
NIFTY,2026-02-23 04:34:00+00:00,25731.150390625,25732.69921875,25727.80078125,25729.55078125,0
NIFTY,2026-02-23 04:35:00+00:00,25729.55078125,25736.650390625,25729.55078125,25729.599609375,0
NIFTY,2026-02-23 04:36:00+00:00,25729.80078125,25737.44921875,25725.900390625,25731.849609375,0
NIFTY,2026-02-23 04:37:00+00:00,25731.44921875,25731.900390625,25717.94921875,25718.5,0
NIFTY,2026-02-23 04:38:00+00:00,25719.349609375,25732.69921875,25719.349609375,25722.400390625,0
NIFTY,2026-02-23 04:39:00+00:00,25722.150390625,25730.0,25720.94921875,25727.69921875,0
NIFTY,2026-02-23 04:40:00+00:00,25727.19921875,25730.25,25725.19921875,25727.69921875,0
NIFTY,2026-02-23 04:41:00+00:00,25727.05078125,25731.25,25719.5,25719.5,0
NIFTY,2026-02-23 04:42:00+00:00,25721.099609375,25722.19921875,25713.400390625,25716.349609375,0
NIFTY,2026-02-23 04:43:00+00:00,25716.30078125,25716.650390625,25705.80078125,25709.5,0
NIFTY,2026-02-23 04:44:00+00:00,25708.94921875,25721.05078125,25705.150390625,25717.849609375,0
NIFTY,2026-02-23 04:45:00+00:00,25717.349609375,25727.349609375,25714.599609375,25716.80078125,0
NIFTY,2026-02-23 04:46:00+00:00,25717.5,25723.150390625,25712.849609375,25720.94921875,0
NIFTY,2026-02-23 04:47:00+00:00,25721.5,25729.0,25721.5,25726.5,0
NIFTY,2026-02-23 04:48:00+00:00,25727.349609375,25730.30078125,25725.55078125,25729.0,0
NIFTY,2026-02-23 04:49:00+00:00,25729.69921875,25733.69921875,25725.80078125,25728.5,0
NIFTY,2026-02-23 04:50:00+00:00,25727.900390625,25731.0,25721.75,25724.400390625,0
NIFTY,2026-02-23 04:51:00+00:00,25724.05078125,25726.69921875,25719.650390625,25724.5,0
NIFTY,2026-02-23 04:52:00+00:00,25724.0,25730.44921875,25721.599609375,25728.349609375,0
NIFTY,2026-02-23 04:53:00+00:00,25728.5,25733.0,25727.69921875,25730.400390625,0
NIFTY,2026-02-23 04:54:00+00:00,25731.05078125,25732.0,25724.099609375,25725.5,0
NIFTY,2026-02-23 04:55:00+00:00,25726.30078125,25726.30078125,25719.349609375,25719.55078125,0
NIFTY,2026-02-23 04:56:00+00:00,25719.0,25721.900390625,25716.30078125,25720.75,0
NIFTY,2026-02-23 04:57:00+00:00,25721.0,25723.75,25706.0,25709.05078125,0
NIFTY,2026-02-23 04:58:00+00:00,25709.349609375,25711.55078125,25702.94921875,25702.94921875,0
NIFTY,2026-02-23 04:59:00+00:00,25703.400390625,25706.0,25695.94921875,25705.55078125,0
NIFTY,2026-02-23 05:00:00+00:00,25706.44921875,25709.650390625,25701.69921875,25703.099609375,0
NIFTY,2026-02-23 05:01:00+00:00,25703.05078125,25704.69921875,25695.25,25698.30078125,0
NIFTY,2026-02-23 05:02:00+00:00,25700.599609375,25700.599609375,25694.5,25694.55078125,0
NIFTY,2026-02-23 05:03:00+00:00,25694.44921875,25700.75,25693.55078125,25699.849609375,0
NIFTY,2026-02-23 05:04:00+00:00,25698.69921875,25704.0,25696.599609375,25700.19921875,0
NIFTY,2026-02-23 05:05:00+00:00,25700.099609375,25706.05078125,25699.650390625,25704.05078125,0
NIFTY,2026-02-23 05:06:00+00:00,25705.0,25706.349609375,25699.349609375,25701.349609375,0
NIFTY,2026-02-23 05:07:00+00:00,25701.55078125,25702.05078125,25691.900390625,25692.650390625,0
NIFTY,2026-02-23 05:08:00+00:00,25692.599609375,25694.25,25684.150390625,25687.0,0
NIFTY,2026-02-23 05:09:00+00:00,25687.55078125,25691.849609375,25686.5,25689.55078125,0
NIFTY,2026-02-23 05:10:00+00:00,25689.599609375,25690.5,25678.099609375,25678.099609375,0
NIFTY,2026-02-23 05:11:00+00:00,25678.75,25684.150390625,25677.650390625,25677.69921875,0
NIFTY,2026-02-23 05:12:00+00:00,25677.44921875,25682.650390625,25674.75,25681.349609375,0
NIFTY,2026-02-23 05:13:00+00:00,25681.80078125,25683.150390625,25667.099609375,25667.099609375,0
NIFTY,2026-02-23 05:14:00+00:00,25667.400390625,25667.69921875,25655.150390625,25656.80078125,0
NIFTY,2026-02-23 05:15:00+00:00,25656.94921875,25664.19921875,25652.599609375,25652.599609375,0
NIFTY,2026-02-23 05:16:00+00:00,25652.349609375,25654.650390625,25646.599609375,25648.19921875,0
NIFTY,2026-02-23 05:17:00+00:00,25647.80078125,25657.75,25646.900390625,25656.599609375,0
NIFTY,2026-02-23 05:18:00+00:00,25657.05078125,25661.0,25654.599609375,25657.400390625,0
NIFTY,2026-02-23 05:19:00+00:00,25657.650390625,25663.05078125,25652.80078125,25653.30078125,0
NIFTY,2026-02-23 05:20:00+00:00,25653.650390625,25658.849609375,25653.150390625,25658.30078125,0
NIFTY,2026-02-23 05:21:00+00:00,25658.650390625,25672.900390625,25658.650390625,25672.69921875,0
NIFTY,2026-02-23 05:22:00+00:00,25672.599609375,25672.599609375,25665.150390625,25666.849609375,0
NIFTY,2026-02-23 05:23:00+00:00,25667.099609375,25676.599609375,25666.5,25674.80078125,0
NIFTY,2026-02-23 05:24:00+00:00,25674.650390625,25677.69921875,25669.55078125,25671.900390625,0
NIFTY,2026-02-23 05:25:00+00:00,25671.80078125,25673.099609375,25665.0,25666.349609375,0
NIFTY,2026-02-23 05:26:00+00:00,25667.099609375,25672.849609375,25666.25,25671.900390625,0
NIFTY,2026-02-23 05:27:00+00:00,25672.900390625,25676.900390625,25670.849609375,25675.900390625,0
NIFTY,2026-02-23 05:28:00+00:00,25675.5,25676.94921875,25672.05078125,25674.05078125,0
NIFTY,2026-02-23 05:29:00+00:00,25674.150390625,25674.150390625,25667.900390625,25667.900390625,0
NIFTY,2026-02-23 05:30:00+00:00,25667.849609375,25676.94921875,25666.75,25674.25,0
NIFTY,2026-02-23 05:31:00+00:00,25674.650390625,25680.0,25674.650390625,25679.150390625,0
NIFTY,2026-02-23 05:32:00+00:00,25679.80078125,25688.0,25679.349609375,25687.30078125,0
NIFTY,2026-02-23 05:33:00+00:00,25689.19921875,25692.0,25685.44921875,25685.44921875,0
NIFTY,2026-02-23 05:34:00+00:00,25685.349609375,25688.19921875,25682.849609375,25683.599609375,0
NIFTY,2026-02-23 05:35:00+00:00,25683.150390625,25684.05078125,25675.19921875,25675.19921875,0
NIFTY,2026-02-23 05:36:00+00:00,25675.099609375,25675.75,25662.19921875,25662.94921875,0
NIFTY,2026-02-23 05:37:00+00:00,25662.650390625,25662.75,25652.30078125,25660.44921875,0
NIFTY,2026-02-23 05:38:00+00:00,25659.849609375,25666.5,25659.849609375,25664.900390625,0
NIFTY,2026-02-23 05:39:00+00:00,25665.650390625,25680.94921875,25663.19921875,25679.400390625,0
NIFTY,2026-02-23 05:40:00+00:00,25680.5,25691.0,25678.80078125,25688.80078125,0
NIFTY,2026-02-23 05:41:00+00:00,25689.099609375,25689.30078125,25685.25,25687.150390625,0
NIFTY,2026-02-23 05:42:00+00:00,25686.80078125,25687.150390625,25674.400390625,25675.650390625,0
NIFTY,2026-02-23 05:43:00+00:00,25675.599609375,25687.5,25675.599609375,25686.94921875,0
NIFTY,2026-02-23 05:44:00+00:00,25687.5,25697.94921875,25687.5,25696.55078125,0
NIFTY,2026-02-23 05:45:00+00:00,25696.099609375,25699.19921875,25691.30078125,25691.75,0
NIFTY,2026-02-23 05:46:00+00:00,25691.80078125,25696.75,25691.150390625,25696.150390625,0
NIFTY,2026-02-23 05:47:00+00:00,25696.400390625,25696.849609375,25691.55078125,25692.099609375,0
NIFTY,2026-02-23 05:48:00+00:00,25692.150390625,25692.30078125,25679.44921875,25679.44921875,0
NIFTY,2026-02-23 05:49:00+00:00,25678.94921875,25682.5,25673.44921875,25673.44921875,0
NIFTY,2026-02-23 05:50:00+00:00,25673.44921875,25678.400390625,25672.849609375,25675.25,0
NIFTY,2026-02-23 05:51:00+00:00,25675.80078125,25676.400390625,25670.650390625,25671.849609375,0
NIFTY,2026-02-23 05:52:00+00:00,25672.19921875,25674.849609375,25662.19921875,25662.5,0
NIFTY,2026-02-23 05:53:00+00:00,25662.900390625,25664.69921875,25660.19921875,25662.349609375,0
NIFTY,2026-02-23 05:54:00+00:00,25662.599609375,25664.099609375,25660.25,25663.25,0
NIFTY,2026-02-23 05:55:00+00:00,25663.19921875,25666.0,25661.05078125,25663.19921875,0
NIFTY,2026-02-23 05:56:00+00:00,25663.55078125,25664.150390625,25655.30078125,25655.30078125,0
NIFTY,2026-02-23 05:57:00+00:00,25654.94921875,25660.0,25652.5,25659.849609375,0
NIFTY,2026-02-23 05:58:00+00:00,25659.80078125,25665.650390625,25658.900390625,25664.849609375,0
NIFTY,2026-02-23 05:59:00+00:00,25664.599609375,25665.80078125,25661.5,25661.94921875,0
NIFTY,2026-02-23 06:00:00+00:00,25662.0,25662.30078125,25655.05078125,25656.05078125,0
NIFTY,2026-02-23 06:01:00+00:00,25654.900390625,25660.69921875,25654.900390625,25657.19921875,0
NIFTY,2026-02-23 06:02:00+00:00,25656.94921875,25662.30078125,25655.75,25661.69921875,0
NIFTY,2026-02-23 06:03:00+00:00,25661.400390625,25662.400390625,25658.5,25659.44921875,0
NIFTY,2026-02-23 06:04:00+00:00,25658.400390625,25660.30078125,25654.849609375,25655.19921875,0
NIFTY,2026-02-23 06:05:00+00:00,25655.05078125,25659.0,25651.849609375,25657.55078125,0
NIFTY,2026-02-23 06:06:00+00:00,25657.44921875,25669.150390625,25657.44921875,25666.650390625,0
NIFTY,2026-02-23 06:07:00+00:00,25667.19921875,25669.44921875,25661.900390625,25665.55078125,0
NIFTY,2026-02-23 06:08:00+00:00,25665.599609375,25670.25,25664.69921875,25668.150390625,0
NIFTY,2026-02-23 06:09:00+00:00,25668.19921875,25670.849609375,25664.44921875,25668.349609375,0
NIFTY,2026-02-23 06:10:00+00:00,25668.599609375,25671.19921875,25664.80078125,25665.19921875,0
NIFTY,2026-02-23 06:11:00+00:00,25665.30078125,25669.900390625,25662.150390625,25664.5,0
NIFTY,2026-02-23 06:12:00+00:00,25664.900390625,25668.80078125,25664.44921875,25667.69921875,0
NIFTY,2026-02-23 06:13:00+00:00,25667.80078125,25669.69921875,25663.349609375,25664.25,0
NIFTY,2026-02-23 06:14:00+00:00,25663.900390625,25670.400390625,25663.05078125,25667.849609375,0
NIFTY,2026-02-23 06:15:00+00:00,25667.650390625,25671.19921875,25663.400390625,25664.099609375,0
NIFTY,2026-02-23 06:16:00+00:00,25665.05078125,25666.900390625,25660.75,25661.650390625,0
NIFTY,2026-02-23 06:17:00+00:00,25661.650390625,25663.80078125,25658.80078125,25662.150390625,0
NIFTY,2026-02-23 06:18:00+00:00,25662.25,25663.80078125,25646.25,25647.099609375,0
NIFTY,2026-02-23 06:19:00+00:00,25647.05078125,25648.75,25634.94921875,25648.30078125,0
NIFTY,2026-02-23 06:20:00+00:00,25648.69921875,25649.099609375,25637.25,25638.0,0
NIFTY,2026-02-23 06:21:00+00:00,25637.94921875,25644.099609375,25631.650390625,25643.80078125,0
NIFTY,2026-02-23 06:22:00+00:00,25646.650390625,25649.900390625,25640.75,25647.599609375,0
NIFTY,2026-02-23 06:23:00+00:00,25646.900390625,25661.75,25646.900390625,25660.150390625,0
NIFTY,2026-02-23 06:24:00+00:00,25659.849609375,25664.75,25658.400390625,25658.900390625,0
NIFTY,2026-02-23 06:25:00+00:00,25658.80078125,25660.0,25652.30078125,25656.5,0
NIFTY,2026-02-23 06:26:00+00:00,25656.80078125,25666.44921875,25656.5,25660.349609375,0
NIFTY,2026-02-23 06:27:00+00:00,25660.80078125,25665.099609375,25660.05078125,25660.19921875,0
NIFTY,2026-02-23 06:28:00+00:00,25660.5,25660.5,25651.900390625,25651.900390625,0
NIFTY,2026-02-23 06:29:00+00:00,25652.30078125,25653.19921875,25648.599609375,25648.94921875,0
NIFTY,2026-02-23 06:30:00+00:00,25649.44921875,25652.30078125,25648.900390625,25649.05078125,0
NIFTY,2026-02-23 06:31:00+00:00,25649.75,25652.650390625,25646.05078125,25651.19921875,0
NIFTY,2026-02-23 06:32:00+00:00,25651.349609375,25663.25,25650.400390625,25661.94921875,0
NIFTY,2026-02-23 06:33:00+00:00,25662.349609375,25664.400390625,25660.099609375,25660.099609375,0
NIFTY,2026-02-23 06:34:00+00:00,25660.150390625,25662.25,25655.19921875,25660.55078125,0
NIFTY,2026-02-23 06:35:00+00:00,25660.5,25662.5,25657.05078125,25662.44921875,0
NIFTY,2026-02-23 06:36:00+00:00,25662.150390625,25668.25,25662.150390625,25667.19921875,0
NIFTY,2026-02-23 06:37:00+00:00,25666.75,25670.400390625,25664.0,25669.80078125,0
NIFTY,2026-02-23 06:38:00+00:00,25669.599609375,25673.349609375,25667.650390625,25670.55078125,0
NIFTY,2026-02-23 06:39:00+00:00,25670.05078125,25672.349609375,25664.69921875,25664.69921875,0
NIFTY,2026-02-23 06:40:00+00:00,25664.75,25665.69921875,25655.80078125,25656.05078125,0
NIFTY,2026-02-23 06:41:00+00:00,25656.150390625,25663.30078125,25651.55078125,25661.80078125,0
NIFTY,2026-02-23 06:42:00+00:00,25664.5,25670.30078125,25661.849609375,25669.400390625,0
NIFTY,2026-02-23 06:43:00+00:00,25669.44921875,25673.30078125,25663.650390625,25663.650390625,0
NIFTY,2026-02-23 06:44:00+00:00,25662.75,25663.44921875,25658.599609375,25662.0,0
NIFTY,2026-02-23 06:45:00+00:00,25661.599609375,25667.55078125,25660.19921875,25661.75,0
NIFTY,2026-02-23 06:46:00+00:00,25660.69921875,25667.900390625,25660.69921875,25665.900390625,0
NIFTY,2026-02-23 06:47:00+00:00,25667.150390625,25682.0,25666.30078125,25680.599609375,0
NIFTY,2026-02-23 06:48:00+00:00,25680.44921875,25682.94921875,25670.599609375,25671.0,0
NIFTY,2026-02-23 06:49:00+00:00,25670.900390625,25673.05078125,25667.599609375,25670.44921875,0
NIFTY,2026-02-23 06:50:00+00:00,25669.94921875,25673.5,25669.599609375,25669.80078125,0
NIFTY,2026-02-23 06:51:00+00:00,25670.0,25673.25,25665.44921875,25669.25,0
NIFTY,2026-02-23 06:52:00+00:00,25669.94921875,25670.5,25656.5,25656.5,0
NIFTY,2026-02-23 06:53:00+00:00,25656.55078125,25658.05078125,25653.150390625,25657.05078125,0
NIFTY,2026-02-23 06:54:00+00:00,25656.599609375,25658.25,25654.5,25654.849609375,0
NIFTY,2026-02-23 06:55:00+00:00,25654.75,25658.94921875,25651.150390625,25651.150390625,0
NIFTY,2026-02-23 06:56:00+00:00,25651.349609375,25657.44921875,25648.30078125,25649.44921875,0
NIFTY,2026-02-23 06:57:00+00:00,25649.19921875,25651.849609375,25647.650390625,25648.75,0
NIFTY,2026-02-23 06:58:00+00:00,25649.099609375,25654.19921875,25649.099609375,25653.30078125,0
NIFTY,2026-02-23 06:59:00+00:00,25652.75,25656.150390625,25651.19921875,25651.349609375,0
NIFTY,2026-02-23 07:00:00+00:00,25651.900390625,25652.650390625,25643.849609375,25644.19921875,0
NIFTY,2026-02-23 07:01:00+00:00,25644.099609375,25645.75,25636.400390625,25644.400390625,0
NIFTY,2026-02-23 07:02:00+00:00,25644.44921875,25651.05078125,25643.099609375,25649.30078125,0
NIFTY,2026-02-23 07:03:00+00:00,25649.5,25650.94921875,25645.55078125,25645.55078125,0
NIFTY,2026-02-23 07:04:00+00:00,25646.44921875,25655.55078125,25646.44921875,25654.099609375,0
NIFTY,2026-02-23 07:05:00+00:00,25653.849609375,25658.30078125,25653.19921875,25655.05078125,0
NIFTY,2026-02-23 07:06:00+00:00,25654.650390625,25658.94921875,25654.19921875,25655.900390625,0
NIFTY,2026-02-23 07:07:00+00:00,25656.19921875,25659.75,25653.80078125,25656.30078125,0
NIFTY,2026-02-23 07:08:00+00:00,25655.599609375,25657.94921875,25654.150390625,25655.0,0
NIFTY,2026-02-23 07:09:00+00:00,25654.5,25664.099609375,25654.349609375,25661.849609375,0
NIFTY,2026-02-23 07:10:00+00:00,25660.75,25663.849609375,25660.400390625,25661.349609375,0
NIFTY,2026-02-23 07:11:00+00:00,25660.69921875,25670.599609375,25660.150390625,25669.44921875,0
NIFTY,2026-02-23 07:12:00+00:00,25670.44921875,25672.5,25668.5,25672.349609375,0
NIFTY,2026-02-23 07:13:00+00:00,25673.599609375,25681.55078125,25671.75,25679.650390625,0
NIFTY,2026-02-23 07:14:00+00:00,25681.25,25684.849609375,25678.25,25684.849609375,0
NIFTY,2026-02-23 07:15:00+00:00,25685.0,25690.05078125,25684.44921875,25688.80078125,0
NIFTY,2026-02-23 07:16:00+00:00,25688.900390625,25690.849609375,25683.80078125,25683.80078125,0
NIFTY,2026-02-23 07:17:00+00:00,25682.94921875,25684.30078125,25667.5,25670.19921875,0
NIFTY,2026-02-23 07:18:00+00:00,25670.69921875,25676.900390625,25670.150390625,25673.55078125,0
NIFTY,2026-02-23 07:19:00+00:00,25673.099609375,25673.75,25661.75,25663.150390625,0
NIFTY,2026-02-23 07:20:00+00:00,25662.69921875,25668.94921875,25659.900390625,25660.25,0
NIFTY,2026-02-23 07:21:00+00:00,25659.099609375,25659.69921875,25652.30078125,25653.349609375,0
NIFTY,2026-02-23 07:22:00+00:00,25652.69921875,25653.69921875,25644.099609375,25648.0,0
NIFTY,2026-02-23 07:23:00+00:00,25647.94921875,25654.94921875,25644.75,25645.44921875,0
NIFTY,2026-02-23 07:24:00+00:00,25645.80078125,25657.55078125,25643.55078125,25655.900390625,0
NIFTY,2026-02-23 07:25:00+00:00,25655.75,25657.650390625,25649.400390625,25650.849609375,0
NIFTY,2026-02-23 07:26:00+00:00,25649.900390625,25654.650390625,25647.349609375,25649.0,0
NIFTY,2026-02-23 07:27:00+00:00,25648.55078125,25654.599609375,25646.80078125,25646.80078125,0
NIFTY,2026-02-23 07:28:00+00:00,25646.849609375,25651.0,25644.099609375,25644.650390625,0
NIFTY,2026-02-23 07:29:00+00:00,25644.94921875,25645.55078125,25636.75,25638.349609375,0
NIFTY,2026-02-23 07:30:00+00:00,25638.05078125,25643.05078125,25633.900390625,25641.650390625,0
NIFTY,2026-02-23 07:31:00+00:00,25641.400390625,25643.150390625,25637.69921875,25639.19921875,0
NIFTY,2026-02-23 07:32:00+00:00,25639.55078125,25640.55078125,25633.80078125,25634.400390625,0
NIFTY,2026-02-23 07:33:00+00:00,25634.25,25638.349609375,25631.55078125,25637.05078125,0
NIFTY,2026-02-23 07:34:00+00:00,25637.19921875,25639.099609375,25634.599609375,25638.25,0
NIFTY,2026-02-23 07:35:00+00:00,25639.5,25647.25,25639.0,25644.150390625,0
NIFTY,2026-02-23 07:36:00+00:00,25644.099609375,25645.55078125,25642.849609375,25644.30078125,0
NIFTY,2026-02-23 07:37:00+00:00,25644.349609375,25646.55078125,25641.44921875,25642.30078125,0
NIFTY,2026-02-23 07:38:00+00:00,25642.349609375,25647.05078125,25641.69921875,25646.69921875,0
NIFTY,2026-02-23 07:39:00+00:00,25647.25,25654.900390625,25647.25,25649.94921875,0
NIFTY,2026-02-23 07:40:00+00:00,25649.099609375,25652.650390625,25649.099609375,25651.55078125,0
NIFTY,2026-02-23 07:41:00+00:00,25652.349609375,25657.599609375,25652.099609375,25655.05078125,0
NIFTY,2026-02-23 07:42:00+00:00,25655.5,25655.599609375,25649.55078125,25649.55078125,0
NIFTY,2026-02-23 07:43:00+00:00,25650.05078125,25650.75,25640.05078125,25640.05078125,0
NIFTY,2026-02-23 07:44:00+00:00,25641.099609375,25641.30078125,25636.150390625,25637.5,0
NIFTY,2026-02-23 07:45:00+00:00,25636.69921875,25638.05078125,25629.599609375,25629.599609375,0
NIFTY,2026-02-23 07:46:00+00:00,25630.25,25631.650390625,25627.69921875,25629.150390625,0
NIFTY,2026-02-23 07:47:00+00:00,25629.55078125,25642.55078125,25627.80078125,25642.150390625,0
NIFTY,2026-02-23 07:48:00+00:00,25642.650390625,25649.80078125,25642.650390625,25647.150390625,0
NIFTY,2026-02-23 07:49:00+00:00,25647.849609375,25653.25,25644.650390625,25645.19921875,0
NIFTY,2026-02-23 07:50:00+00:00,25644.849609375,25651.75,25644.849609375,25650.25,0
NIFTY,2026-02-23 07:51:00+00:00,25650.30078125,25652.099609375,25647.599609375,25649.69921875,0
NIFTY,2026-02-23 07:52:00+00:00,25649.55078125,25650.30078125,25645.650390625,25646.150390625,0
NIFTY,2026-02-23 07:53:00+00:00,25645.80078125,25651.5,25644.05078125,25650.44921875,0
NIFTY,2026-02-23 07:54:00+00:00,25650.19921875,25659.0,25650.19921875,25655.05078125,0
NIFTY,2026-02-23 07:55:00+00:00,25655.099609375,25661.0,25652.650390625,25653.05078125,0
NIFTY,2026-02-23 07:56:00+00:00,25654.25,25662.599609375,25652.849609375,25661.099609375,0
NIFTY,2026-02-23 07:57:00+00:00,25662.19921875,25664.349609375,25657.849609375,25658.5,0
NIFTY,2026-02-23 07:58:00+00:00,25659.19921875,25666.349609375,25657.80078125,25664.25,0
NIFTY,2026-02-23 07:59:00+00:00,25664.400390625,25668.44921875,25664.150390625,25667.400390625,0
NIFTY,2026-02-23 08:00:00+00:00,25667.44921875,25677.0,25667.44921875,25675.75,0
NIFTY,2026-02-23 08:01:00+00:00,25676.30078125,25680.30078125,25666.44921875,25666.44921875,0
NIFTY,2026-02-23 08:02:00+00:00,25666.30078125,25667.05078125,25658.05078125,25659.80078125,0
NIFTY,2026-02-23 08:03:00+00:00,25660.05078125,25662.349609375,25649.099609375,25652.30078125,0
NIFTY,2026-02-23 08:04:00+00:00,25652.25,25653.69921875,25646.44921875,25646.900390625,0
NIFTY,2026-02-23 08:05:00+00:00,25648.05078125,25650.80078125,25643.099609375,25643.69921875,0
NIFTY,2026-02-23 08:06:00+00:00,25643.44921875,25652.599609375,25643.44921875,25644.5,0
NIFTY,2026-02-23 08:07:00+00:00,25644.94921875,25650.75,25643.80078125,25645.349609375,0
NIFTY,2026-02-23 08:08:00+00:00,25644.900390625,25648.75,25640.25,25644.400390625,0
NIFTY,2026-02-23 08:09:00+00:00,25645.19921875,25650.849609375,25643.099609375,25643.849609375,0
NIFTY,2026-02-23 08:10:00+00:00,25647.150390625,25647.150390625,25636.5,25637.05078125,0
NIFTY,2026-02-23 08:11:00+00:00,25637.0,25639.5,25632.349609375,25637.30078125,0
NIFTY,2026-02-23 08:12:00+00:00,25637.80078125,25657.19921875,25636.75,25656.0,0
NIFTY,2026-02-23 08:13:00+00:00,25656.44921875,25662.349609375,25655.25,25661.150390625,0
NIFTY,2026-02-23 08:14:00+00:00,25661.25,25666.75,25659.650390625,25663.400390625,0
NIFTY,2026-02-23 08:15:00+00:00,25663.099609375,25665.900390625,25659.05078125,25662.69921875,0
NIFTY,2026-02-23 08:16:00+00:00,25662.80078125,25669.05078125,25662.80078125,25667.69921875,0
NIFTY,2026-02-23 08:17:00+00:00,25667.900390625,25669.400390625,25655.150390625,25655.599609375,0
NIFTY,2026-02-23 08:18:00+00:00,25655.650390625,25658.900390625,25654.44921875,25655.400390625,0
NIFTY,2026-02-23 08:19:00+00:00,25656.349609375,25659.150390625,25652.19921875,25652.19921875,0
NIFTY,2026-02-23 08:20:00+00:00,25653.0,25660.69921875,25653.0,25658.30078125,0
NIFTY,2026-02-23 08:21:00+00:00,25657.849609375,25659.19921875,25655.849609375,25656.19921875,0
NIFTY,2026-02-23 08:22:00+00:00,25656.44921875,25657.25,25652.849609375,25653.25,0
NIFTY,2026-02-23 08:23:00+00:00,25653.099609375,25658.150390625,25651.94921875,25655.900390625,0
NIFTY,2026-02-23 08:24:00+00:00,25655.849609375,25658.5,25650.75,25652.55078125,0
NIFTY,2026-02-23 08:25:00+00:00,25652.75,25654.650390625,25648.55078125,25649.5,0
NIFTY,2026-02-23 08:26:00+00:00,25648.900390625,25656.349609375,25648.900390625,25650.900390625,0
NIFTY,2026-02-23 08:27:00+00:00,25651.05078125,25651.44921875,25642.69921875,25643.19921875,0
NIFTY,2026-02-23 08:28:00+00:00,25643.400390625,25644.099609375,25638.849609375,25642.650390625,0
NIFTY,2026-02-23 08:29:00+00:00,25642.30078125,25646.0,25637.94921875,25637.94921875,0
NIFTY,2026-02-23 08:30:00+00:00,25638.400390625,25643.0,25637.900390625,25639.80078125,0
NIFTY,2026-02-23 08:31:00+00:00,25640.30078125,25640.650390625,25634.099609375,25634.349609375,0
NIFTY,2026-02-23 08:32:00+00:00,25634.30078125,25636.55078125,25627.849609375,25627.849609375,0
NIFTY,2026-02-23 08:33:00+00:00,25620.75,25620.75,25620.75,25620.75,0
